Victory,Remaining HP,Reward,Times Healed Ally,Times Coordinated Stuns,Times Coordinated Blinds, Times Healed Vulnerable Ally, Times Healed Weaker Ally, Battle Length
1,99,42.1875,0,0,0,0,0,28
0,0,11.5625,0,0,0,0,0,26
1,0,28.8125,0,0,0,0,0,50
0,0,23.1875,0,0,0,0,0,46
1,0,28.375,0,0,0,0,0,45
1,150,46.875,2,1,0,0,0,29
0,0,12.4375,0,0,0,0,0,22
1,0,28.875,0,0,0,0,0,40
1,0,32.625,0,0,0,0,0,27
1,93,43.3125,0,1,0,0,0,30
0,0,15.3125,0,2,0,0,0,38
1,0,32.3125,0,0,0,0,0,37
1,138,46.125,0,1,0,0,0,24
1,87,42.9375,1,1,1,0,0,38
1,116,44.75,2,1,0,0,0,32
0,0,23.375,0,1,0,0,0,43
1,0,31.3125,1,0,0,0,0,45
1,92,43.25,0,0,0,0,0,27
1,67,41.6875,0,1,0,0,0,23
0,0,18.0625,0,0,0,0,0,39
0,0,8.5,0,0,0,0,0,22
0,0,6.6875,0,0,2,0,0,24
1,6,34,0,0,0,0,0,24
1,89,42.1875,0,0,0,0,0,23
0,0,13.25,0,0,0,0,0,22
1,0,33.5,0,0,0,0,0,41
1,148,46.75,2,1,1,0,1,27
1,0,26.6875,0,0,0,0,0,45
1,0,28.6875,0,0,0,0,0,54
1,166,47.875,0,0,0,0,0,26
1,0,29,1,0,0,0,0,38
1,0,35.5625,4,0,0,0,0,57
0,0,11.5,2,0,0,0,0,23
1,0,30.8125,0,0,0,0,0,36
0,0,6.875,0,0,0,0,0,24
0,0,24.375,0,0,0,0,0,50
1,0,26.75,1,0,1,0,0,54
0,0,11.8125,0,0,0,0,0,26
1,82,40.5625,2,0,0,0,0,32
0,0,16.125,1,1,0,0,0,46
1,0,27.1875,0,0,0,0,0,43
1,153,46.1875,2,0,0,0,0,35
1,144,46.5,1,1,0,0,0,20
1,73,42.0625,2,1,1,0,0,36
1,0,27.3125,2,0,0,0,0,54
1,0,27.75,0,0,0,0,0,41
1,43,40.1875,1,1,1,0,0,36
1,113,44.5625,2,2,0,0,0,30
1,117,43.3125,0,0,1,0,0,25
1,200,48.5,0,0,1,0,0,30
1,200,48.875,1,0,0,0,1,45
1,200,46.875,0,1,0,0,0,31
0,0,24,0,0,0,0,0,48
1,62,39.0625,0,0,1,0,0,28
1,175,45.0625,0,2,0,0,0,26
1,46,38.875,0,2,1,0,0,28
1,96,42,1,1,0,0,0,46
0,0,13.3125,0,0,0,0,0,23
1,0,35.25,1,0,0,0,0,38
1,86,42.875,2,0,0,0,0,36
0,0,22.875,0,0,0,0,0,42
1,46,40.375,2,0,1,0,0,41
0,0,23.5,0,0,0,0,0,50
0,0,12.0625,0,0,0,0,0,26
1,42,40.125,0,0,0,0,0,32
0,0,11.1875,1,1,0,0,0,24
1,98,43.625,0,0,0,0,0,28
0,0,10.4375,1,0,0,0,0,34
1,0,30.5625,0,0,0,0,0,62
1,0,27.1875,0,0,0,0,0,46
1,32,38.5,0,1,0,0,0,28
0,0,16.9375,0,0,0,0,0,41
1,138,46.125,0,1,0,0,0,27
0,0,22.6875,0,0,0,0,0,41
1,98,41.75,0,1,0,0,0,23
1,0,32.25,0,0,0,0,0,38
0,0,7.0625,0,1,0,0,0,22
1,173,48.3125,1,0,0,0,0,28
0,0,14.875,0,0,0,0,0,31
1,109,42.8125,0,0,0,0,0,27
1,0,27,0,0,0,0,0,45
1,0,31.9375,0,1,0,0,0,46
0,0,21,0,0,0,0,0,35
0,0,5.4375,0,0,0,0,0,22
0,0,14.75,0,0,0,0,0,42
1,89,43.0625,1,2,0,0,0,34
1,25,38.1875,0,0,0,0,0,23
1,107,44.1875,1,0,0,0,0,22
1,0,33.375,2,0,0,0,0,38
1,0,30.125,0,1,0,0,0,39
1,10,38.125,2,1,0,0,0,36
0,0,18.75,2,0,0,0,0,42
0,0,24.3125,0,0,0,0,0,45
0,0,10.5,2,0,0,0,0,22
1,0,27,0,1,0,0,0,40
1,156,47.25,1,0,0,0,0,22
1,121,44.1875,1,0,1,0,0,27
1,0,32.5625,0,0,0,0,0,46
1,0,37.5,0,1,0,0,0,33
1,185,49.0625,0,0,0,0,0,30
1,0,32.75,0,0,1,0,0,50
1,148,46.75,1,0,0,0,0,28
1,140,43.875,0,1,0,0,0,31
1,137,45.0625,0,1,1,0,0,33
1,99,43.6875,1,0,0,0,0,26
1,69,41.8125,1,0,0,0,0,37
0,0,21.9375,0,1,0,0,0,42
0,0,10.8125,0,0,0,0,0,23
1,33,38.0625,0,0,0,0,0,23
1,37,39.125,0,0,0,0,0,22
1,169,46.25,0,0,1,0,0,39
1,0,33.5625,0,1,0,0,0,29
0,0,21.75,0,0,0,0,0,44
1,11,38.1875,0,0,0,0,0,28
1,46,39.5625,0,0,1,0,0,22
1,143,46.4375,1,0,1,0,0,38
1,190,49.375,0,1,1,0,0,29
0,0,7.9375,0,0,0,0,0,22
1,34,37.3125,0,2,0,0,0,27
1,0,37.5,2,1,0,0,0,37
1,196,49.75,2,1,0,0,0,28
1,0,26.5,0,0,0,0,0,67
1,128,44.625,1,0,0,0,0,26
1,69,41.8125,0,1,0,0,0,29
1,53,40.8125,2,1,0,0,0,29
1,0,28.5625,0,0,0,0,0,57
1,135,45.9375,0,0,0,0,0,33
1,0,29.125,0,0,0,0,0,46
1,0,29.8125,0,0,0,0,0,40
1,0,32.9375,0,0,0,0,0,49
1,0,35.625,0,1,0,0,0,37
1,149,46.8125,4,0,0,0,0,30
1,144,46.5,3,0,1,0,0,27
1,0,30.9375,0,0,0,0,0,43
1,30,39.375,2,1,0,0,0,31
0,0,15.25,0,1,0,0,0,26
0,0,22.25,0,1,0,0,0,56
1,0,27.5,0,0,0,0,0,41
1,149,44.9375,0,0,0,0,0,37
1,0,29.375,0,0,0,0,0,48
0,0,21.1875,0,0,0,0,0,38
1,143,46.375,1,1,0,0,0,25
1,0,32.25,0,0,0,0,0,45
0,0,20.875,0,1,0,0,0,41
0,0,19.6875,0,0,0,0,0,43
1,103,43.9375,2,0,0,0,0,33
0,0,14.1875,0,0,0,0,0,30
0,0,14.75,0,0,0,0,0,25
1,0,32.6875,0,0,0,0,0,49
1,153,43.5,0,0,0,0,0,35
1,187,48.3125,1,0,0,0,0,41
1,0,34.8125,2,0,0,0,0,36
1,23,37.9375,2,0,0,0,0,23
1,0,27.125,0,1,0,0,0,56
1,0,35.9375,0,0,0,0,0,29
1,130,44.875,1,0,0,0,0,34
1,108,43.4375,3,0,0,0,0,28
1,0,35.0625,0,0,0,0,0,51
1,158,47.375,1,0,1,0,0,36
1,126,45.375,0,0,0,0,0,28
1,50,39.625,0,1,0,0,0,34
1,104,41,0,1,0,0,0,23
1,50,40.625,2,1,0,0,0,26
1,5,37,1,1,0,0,0,28
1,0,33.6875,0,0,0,0,0,45
1,0,25.9375,2,0,0,0,0,58
1,0,34.1875,3,0,0,0,0,36
1,15,38.4375,2,1,0,0,0,35
1,68,40.9375,0,0,0,0,0,33
0,0,22.4375,0,0,0,0,0,41
1,114,41.6875,0,0,0,0,0,42
0,0,21.75,0,1,0,0,0,49
1,162,47.625,0,0,0,0,0,30
1,79,40.9375,0,0,0,0,0,27
0,0,12.5,0,0,0,0,0,24
1,149,46.8125,1,1,0,0,0,26
1,58,41.125,1,0,0,0,0,23
1,0,35,0,0,0,0,0,36
1,0,35.5,1,0,0,0,0,43
1,0,25.6875,0,1,0,0,0,47
1,0,30,1,0,0,0,0,47
1,0,33.75,0,0,0,0,0,33
1,68,41.75,1,2,1,0,0,36
1,0,36.6875,2,1,1,0,0,40
0,0,19,0,0,0,0,0,37
0,0,11.6875,0,0,0,0,0,25
1,40,40,1,0,1,0,0,25
0,0,22,0,0,0,0,0,41
0,0,7.25,0,0,0,0,0,27
1,76,42.25,2,0,0,0,0,38
1,99,43.6875,0,0,1,0,0,28
1,90,43.125,1,1,2,0,0,26
1,0,28.8125,0,1,0,0,0,40
0,0,23.125,0,2,0,0,0,44
0,0,15.25,2,1,0,0,0,38
0,0,23.8125,0,1,0,0,0,41
0,0,9.3125,0,0,0,0,0,22
1,54,40.875,2,0,0,0,0,29
1,36,39.5,1,0,2,0,0,29
1,107,42.6875,1,0,0,0,0,32
0,0,12.5,0,0,0,0,0,27
1,0,34.25,0,0,0,0,0,34
1,96,41.625,1,0,0,0,0,22
1,30,39.375,2,2,0,0,0,25
1,40,40,1,0,0,0,0,26
1,0,37.5,1,0,0,0,0,29
1,197,49.8125,0,1,0,0,0,36
1,0,30.875,0,0,0,0,0,47
1,89,43.0625,1,1,1,0,0,29
0,0,23.4375,0,0,0,0,0,58
1,0,29,0,0,0,0,0,42
1,93,43.3125,0,0,0,0,0,44
1,30,39.375,0,0,0,0,0,25
1,107,44.1875,1,0,2,0,0,31
0,0,7.6875,0,0,0,0,0,30
1,162,45.875,2,0,1,0,0,36
1,0,32.8125,0,0,0,0,0,44
1,0,28.8125,0,0,0,0,0,57
1,49,40.5625,0,2,0,0,0,22
1,29,39.3125,2,1,0,0,0,25
1,0,30.3125,0,0,0,0,0,63
1,59,40.9375,1,4,1,0,0,30
1,145,46.5625,0,0,0,0,0,35
0,0,13,1,0,0,0,0,23
1,0,33.25,0,0,0,0,0,25
1,0,34.3125,0,0,0,0,0,30
1,0,35.3125,0,0,1,0,0,37
1,70,41.625,0,1,0,0,0,41
1,26,39.125,2,0,1,0,0,33
0,0,12.125,0,1,0,0,0,24
1,0,37.4375,0,0,0,0,0,31
1,0,33.25,0,1,0,0,0,38
0,0,21.6875,1,0,0,0,0,44
1,27,39.1875,3,0,0,0,0,38
0,0,13.4375,2,0,0,0,0,28
1,92,43.25,2,2,0,0,0,25
1,0,31.25,0,0,0,0,0,42
1,103,43.9375,2,0,1,0,0,30
1,0,37.5,1,1,1,0,0,29
1,105,42.4375,0,1,0,0,0,26
0,0,16.375,1,0,0,0,0,38
1,0,35.8125,0,1,0,0,0,27
1,0,33.9375,0,0,0,0,0,34
1,80,42.5,1,1,0,0,0,44
1,0,30,1,0,0,0,0,43
1,60,39.75,0,0,0,0,0,28
1,0,26.8125,0,1,0,0,0,40
1,0,26.1875,0,0,0,0,0,66
1,148,45.8125,0,0,1,0,0,25
0,0,12,0,1,0,0,0,29
1,0,29.3125,1,1,0,0,0,35
1,0,29.4375,0,0,0,0,0,44
1,0,37.3125,0,0,0,0,0,39
1,0,29.125,1,0,0,0,0,59
1,161,47.5625,0,2,0,0,0,25
1,139,46.1875,0,0,0,0,0,54
1,0,26.625,1,0,0,0,0,44
0,0,11.1875,0,0,0,0,0,21
1,73,41.25,3,0,0,0,0,37
0,0,12,0,0,0,0,0,21
1,95,42.5625,1,0,1,0,0,36
1,75,42.1875,0,0,0,0,0,24
1,0,36.5,2,0,0,0,0,36
1,0,27.4375,0,1,0,0,0,44
1,73,41.1875,0,1,0,0,0,42
1,149,46.8125,3,0,0,0,0,31
1,75,40.375,1,0,0,0,0,28
1,139,44.4375,0,0,0,0,0,27
1,95,43.4375,0,0,0,0,0,33
1,0,32.8125,2,0,0,0,0,38
1,188,47.5,0,0,1,0,0,34
1,118,44.875,0,1,0,0,0,25
1,136,45.5,1,1,0,0,0,37
1,28,38.375,1,0,0,0,0,44
1,63,38.9375,0,1,0,0,0,33
1,0,36.8125,1,0,0,0,0,32
1,127,43.9375,0,0,0,0,0,35
1,127,42.75,0,1,0,0,0,33
1,155,47,2,0,0,1,0,30
1,46,38.5,0,1,0,0,0,23
0,0,4.375,0,0,0,0,0,22
0,0,12.5,0,0,0,0,0,29
1,50,40.625,2,1,0,0,0,41
1,141,45.4375,0,0,0,0,0,34
1,42,40.125,1,0,0,0,0,28
0,0,17.5625,0,1,0,0,0,35
0,0,11.3125,0,1,0,0,0,22
1,81,41.75,0,0,0,0,0,27
1,0,34.125,0,0,0,0,0,34
1,0,35,1,1,0,0,0,38
1,0,35.1875,0,0,0,0,0,44
1,188,49.25,0,1,0,0,0,38
1,0,29.0625,0,1,0,0,0,55
1,94,40.625,0,0,0,0,0,27
1,0,26.625,0,0,0,0,0,60
1,88,43,0,0,0,0,0,32
1,28,39.25,3,0,0,0,0,29
0,0,20.5,0,1,0,0,0,41
1,0,26.5625,0,1,0,0,0,56
0,0,10.1875,0,0,0,0,0,27
1,0,32.125,0,0,0,0,0,37
1,0,36.5625,3,1,0,0,0,37
0,0,16.8125,0,0,0,0,0,40
0,0,10.3125,0,0,0,0,0,23
1,82,40.9375,0,0,0,0,0,40
0,0,24.6875,0,0,0,0,0,49
1,0,27.625,0,1,0,0,0,39
1,128,44.6875,4,1,0,0,0,40
1,0,25.9375,2,1,0,0,0,49
1,95,43.4375,3,0,0,0,0,32
1,152,47,1,0,0,0,0,27
1,81,42.5625,1,1,0,0,0,28
1,0,35.5625,3,1,0,0,0,47
1,0,28.4375,0,0,0,0,0,42
1,200,50,2,0,0,0,0,28
1,0,31.8125,0,0,1,0,0,38
0,0,14.625,0,0,0,0,0,31
0,0,12.0625,0,0,0,0,0,25
1,86,42.875,0,0,1,0,0,33
0,0,20.625,1,0,0,0,0,31
0,0,19.1875,0,1,0,0,0,40
1,121,45.0625,0,0,0,0,0,37
1,0,27.0625,0,0,0,0,0,52
1,161,46.6875,0,0,0,0,0,30
1,0,31.9375,0,1,0,0,0,50
1,120,45,2,1,0,0,0,30
1,81,41.1875,0,0,0,0,0,40
1,0,32.9375,0,1,1,0,0,41
0,0,11.75,0,0,0,0,0,23
1,0,34.0625,0,0,0,0,0,25
1,86,42.0625,1,0,0,0,0,37
1,129,43.6875,0,0,0,0,0,27
0,0,2.75,0,0,0,0,0,23
1,24,39,2,0,0,0,0,32
1,0,30.9375,0,0,1,0,0,39
1,0,26.3125,0,0,0,0,0,39
0,0,11.0625,0,1,0,0,0,23
1,65,41.5625,0,0,0,0,0,23
1,73,42.0625,0,0,0,0,0,27
1,0,30.1875,0,0,0,0,0,42
1,30,39.375,0,1,0,0,0,39
0,0,15.6875,0,0,0,0,0,35
1,0,30,0,2,0,0,0,41
0,0,14,0,0,0,0,0,32
1,140,43.875,0,0,0,0,0,30
1,36,39.75,0,0,0,0,0,26
1,0,30.375,0,1,0,0,0,45
1,164,45.9375,0,0,0,0,0,41
0,0,19.125,0,0,0,0,0,41
1,81,35.9375,0,0,0,0,0,25
1,140,46.25,1,0,0,0,0,29
0,0,21.0625,0,1,1,0,0,41
1,149,44.4375,1,1,0,0,0,36
1,133,45,0,0,0,0,0,36
1,0,32.6875,1,1,1,0,0,37
0,0,18.8125,0,0,0,0,0,41
1,109,44.3125,0,0,2,0,0,29
1,0,37.5,1,1,0,0,0,42
1,0,29.3125,2,2,0,0,0,47
1,160,47.5,1,1,0,0,0,23
1,0,28.25,0,0,0,0,0,45
1,0,29.25,0,0,0,0,0,43
1,0,25.625,0,0,0,0,0,40
0,0,8.5,0,0,0,0,0,21
0,0,19.75,0,0,0,0,0,40
0,0,13.4375,0,1,0,0,0,29
0,0,24.75,0,0,0,0,0,41
1,0,31.75,0,0,0,0,0,37
0,0,16.4375,1,0,0,0,0,40
1,0,28.3125,0,0,0,0,0,53
1,16,38.5,0,1,0,0,0,24
1,30,38.5625,0,0,0,0,0,25
1,0,27.125,0,0,1,0,0,41
1,0,28.8125,1,0,0,0,0,40
1,148,46.75,0,1,0,0,0,23
1,0,27.25,1,0,1,0,0,40
1,0,27.4375,0,0,0,0,0,45
1,0,28.25,0,1,0,0,0,47
1,186,49.125,2,0,0,0,0,29
0,0,17.375,0,0,0,0,0,37
1,0,28.3125,0,0,0,0,0,47
0,0,17.5625,0,2,0,0,0,39
0,0,20.0625,0,0,0,0,0,45
1,126,45.375,2,2,0,0,0,30
0,0,4.625,0,0,0,0,0,19
0,0,22.125,0,1,0,0,0,43
1,0,33.25,0,1,0,0,0,33
1,125,43.5625,0,0,0,0,0,30
0,0,10.75,0,0,0,0,0,23
1,0,29.8125,0,0,0,0,0,42
1,0,26,0,0,0,0,0,43
1,124,42.75,0,0,1,0,0,34
1,156,46.25,0,0,1,0,0,33
1,92,43.25,0,0,0,0,0,30
1,0,30.125,3,0,0,0,0,47
1,139,44.6875,0,1,1,0,0,30
1,168,48,0,0,0,0,0,28
1,128,45.5,2,1,0,0,0,28
1,165,47.8125,1,0,1,0,0,27
1,0,33.625,0,1,0,0,0,34
0,0,22.875,0,0,0,0,0,41
1,175,48.4375,2,1,0,0,0,31
1,0,34.25,0,0,0,0,0,36
1,124,45.25,2,0,0,0,0,40
0,0,16.8125,0,1,1,0,0,25
1,0,27.1875,0,1,0,0,0,37
1,0,28.5,0,0,0,0,0,36
1,0,36,2,0,0,0,0,29
1,184,48.125,0,0,0,0,0,19
1,169,46.5625,1,0,0,0,0,34
0,0,18.25,0,0,0,0,0,38
0,0,22.75,0,1,0,0,0,48
1,0,31.9375,2,0,0,0,0,38
1,0,30.25,0,0,0,0,0,37
0,0,24.4375,0,0,0,0,0,63
0,0,7.8125,1,0,0,0,0,27
1,0,35.5625,0,1,0,0,0,35
1,0,29.25,0,1,1,0,0,42
1,0,26.0625,0,0,0,0,0,42
1,146,46.125,1,0,1,0,0,30
1,176,48.5,2,0,0,0,0,27
1,0,26.25,0,0,0,0,0,46
1,161,46.75,0,1,0,0,0,27
1,186,48.25,0,0,0,0,0,22
0,0,17.625,1,0,0,0,0,29
1,200,50,1,0,1,0,0,29
1,0,28.8125,0,0,0,0,0,42
1,0,29.5625,0,0,0,0,0,37
1,78,41.875,2,0,1,0,0,41
1,84,40.3125,1,0,0,1,0,29
1,129,41.3125,1,0,0,0,0,36
0,0,6.125,0,0,0,0,0,17
1,0,34,0,1,0,0,0,37
1,100,43.75,0,0,0,0,0,28
1,62,38,0,0,0,0,0,39
0,0,24,0,1,0,0,0,36
1,124,42.9375,0,1,0,0,0,24
1,0,35.1875,0,0,0,0,0,37
1,0,28.6875,0,0,0,0,0,44
1,65,41.5625,0,0,0,0,0,39
1,172,47.25,1,0,0,0,0,35
1,0,34.5625,0,0,0,0,0,35
1,43,40.1875,1,1,1,0,0,29
1,0,35.5625,0,0,1,0,0,41
1,0,30.1875,0,0,0,0,0,54
1,0,34.9375,1,0,0,0,0,27
1,73,42.0625,1,1,1,0,0,30
0,0,3.25,0,0,0,0,0,32
1,119,43.4375,0,0,1,0,0,27
1,89,42.375,0,2,0,0,0,22
1,0,35.0625,2,1,0,0,0,57
1,0,30.5625,0,1,0,0,0,49
1,0,31.875,0,1,0,0,0,39
0,0,10.625,0,0,0,0,0,20
1,0,36.25,0,0,0,0,0,42
0,0,23.25,0,1,0,0,0,40
0,0,12.125,0,1,0,0,0,25
1,119,43.625,1,0,0,0,0,26
0,0,24.0625,0,1,0,0,0,45
1,0,31.875,0,1,0,0,0,38
1,127,44.75,0,0,1,0,0,25
1,0,29.0625,0,0,0,0,0,39
0,0,18.5,0,0,0,0,0,35
1,149,46.5625,1,1,1,0,0,30
1,53,40,2,1,0,0,0,33
0,0,24.875,0,0,0,0,0,47
1,0,36.75,2,0,1,0,0,25
1,160,46.5,2,0,0,0,0,26
1,176,48.5,0,1,0,0,0,36
1,76,42.25,3,1,1,1,0,38
0,0,22.6875,0,2,0,0,0,43
0,0,22.3125,0,0,0,0,0,36
1,174,46.5625,1,1,0,0,0,25
1,83,42.6875,0,0,0,0,0,29
1,57,38.75,1,0,0,0,0,30
1,0,31.1875,0,0,0,0,0,40
0,0,16.625,0,0,0,0,0,39
0,0,23.5625,0,1,0,0,0,42
1,0,25.75,2,0,0,0,0,47
0,0,11.25,0,0,0,0,0,27
1,188,49.25,0,0,0,0,0,30
1,84,42.75,0,0,0,0,0,27
1,0,32.0625,0,0,0,0,0,44
1,134,45.875,0,0,1,0,0,29
1,132,45.75,2,0,0,0,0,24
0,0,21.6875,0,0,0,0,0,42
1,91,42.375,0,0,0,0,0,34
1,0,36.5625,0,2,0,0,0,29
1,200,50,2,1,0,0,0,38
1,0,27.0625,0,0,0,0,0,64
1,200,50,2,1,0,0,0,30
0,0,11.75,0,0,0,0,0,27
1,100,39.75,0,2,1,0,0,32
1,3,35.0625,0,1,0,0,0,24
1,85,42.8125,4,1,0,0,0,30
1,144,46.5,0,1,0,0,0,28
1,200,50,1,0,0,0,0,24
0,0,13.5,0,0,0,0,0,27
1,0,31.1875,0,1,0,0,0,43
0,0,22.625,0,0,0,0,0,44
0,0,14.8125,0,0,0,0,0,32
1,139,46.1875,1,1,0,0,0,44
0,0,22.3125,1,0,0,0,0,46
0,0,23.3125,0,1,0,0,0,38
0,0,9.3125,3,1,0,0,0,25
1,0,28.0625,0,0,0,0,0,50
1,168,47.25,2,0,0,0,0,26
1,0,28.125,0,0,0,0,0,44
1,0,31.875,0,0,0,0,0,34
1,39,39.9375,1,0,0,0,0,27
1,93,43.3125,2,1,0,0,0,45
1,140,46.25,1,1,0,0,0,40
0,0,7.9375,0,0,0,0,0,30
1,101,43.8125,1,0,1,0,0,24
1,77,42.3125,2,0,0,0,0,37
0,0,12.125,1,0,0,0,0,37
1,109,43.5,0,1,0,0,0,31
0,0,10.875,0,0,0,0,0,20
1,132,45.25,2,1,0,0,0,22
1,0,35.6875,0,0,0,0,0,35
1,106,43.1875,0,0,0,0,0,24
1,116,44.75,2,1,0,0,0,22
1,0,31.25,2,0,0,0,0,41
1,30,38.375,2,0,0,0,0,40
0,0,9.0625,0,1,0,0,0,28
1,36,39.75,1,1,0,0,0,29
1,0,36.5,2,0,1,0,0,34
1,0,30.125,0,1,0,0,0,48
1,146,44.9375,0,0,1,0,0,35
1,75,39.1875,0,0,1,0,0,36
1,0,32.4375,0,1,0,0,0,41
1,153,47.0625,1,1,0,0,0,30
1,113,42.25,0,0,0,0,0,29
1,101,42.3125,0,0,0,0,0,28
1,121,45.0625,0,2,0,0,0,29
1,196,48.875,3,0,0,0,0,34
0,0,20.4375,0,0,0,0,0,40
1,0,35.6875,2,0,0,0,0,31
1,0,30.125,0,0,0,0,0,38
1,84,42.75,1,1,0,0,0,30
1,0,33.4375,0,0,0,0,0,28
1,0,32.625,0,1,0,0,0,41
0,0,11.875,0,0,0,0,0,28
1,161,47.5625,1,1,0,0,0,26
1,35,39.6875,1,1,1,0,0,27
1,146,44.75,0,1,0,0,0,23
1,23,38.9375,0,1,0,0,0,30
1,0,28.3125,0,0,0,0,0,48
1,0,27.1875,0,0,0,0,0,55
1,78,41.875,1,1,0,0,0,27
1,169,47.125,0,1,0,0,0,28
1,54,40.875,1,3,0,0,0,27
0,0,15.9375,0,0,0,0,0,38
1,175,46.625,3,1,0,0,0,43
1,0,32.6875,2,1,0,0,0,50
0,0,6.5625,1,0,0,0,0,30
0,0,12.5,0,0,0,0,0,23
1,37,37.625,0,0,1,0,0,26
1,0,33.8125,0,0,0,0,0,26
1,62,41.375,3,0,0,0,0,32
1,53,38.3125,0,0,0,0,0,38
1,0,28.8125,0,0,0,0,0,46
0,0,18.875,0,0,0,0,0,43
0,0,22.4375,0,0,0,0,0,41
1,0,29.875,0,0,0,0,0,42
0,0,24.1875,0,0,0,0,0,59
1,0,32.875,0,0,0,0,0,36
0,0,24.375,0,0,0,0,0,46
1,13,38.3125,0,1,0,0,0,22
0,0,12.8125,0,0,0,0,0,24
0,0,9.8125,0,0,0,0,0,25
1,154,46.3125,3,0,0,0,0,41
0,0,15.3125,0,0,0,0,0,28
1,0,26.9375,0,0,0,0,0,48
1,91,42.6875,4,1,1,0,0,42
1,2,36.0625,1,1,1,0,0,32
1,104,43.1875,0,0,0,0,0,35
1,0,36.5,1,0,0,0,0,26
0,0,10.3125,0,0,0,0,0,24
1,91,43.1875,0,2,1,0,0,23
1,139,46.1875,0,0,0,0,0,26
1,70,38.5625,0,1,0,0,0,30
1,109,44.3125,1,1,0,0,0,27
0,0,2.875,0,1,0,0,0,23
0,0,22.125,0,0,2,0,0,58
1,121,43.5625,0,2,0,0,0,19
1,117,43.3125,0,0,0,0,0,36
0,0,22.0625,0,0,0,0,0,41
1,147,46.6875,3,0,2,0,0,31
1,114,42.3125,0,0,1,0,0,28
1,131,45.6875,1,0,0,0,0,37
1,0,31,2,0,0,0,0,39
1,2,35.1875,0,0,0,0,0,27
1,116,43.9375,0,1,0,0,0,26
1,0,27.8125,0,0,0,0,0,42
1,0,28.3125,0,0,0,0,0,42
1,0,25.125,0,1,0,0,0,47
0,0,18.8125,0,0,0,0,0,40
1,0,35,0,2,0,0,0,42
1,22,38.0625,0,1,1,0,0,30
1,13,38.3125,0,0,0,0,0,28
1,116,43.375,3,0,0,0,0,30
1,151,46.9375,0,0,0,0,0,26
0,0,24.0625,0,1,0,0,0,47
0,0,5.6875,0,0,0,0,0,24
1,0,30.875,0,0,0,0,0,32
1,0,32.6875,0,0,0,0,0,48
0,0,11.125,0,1,0,0,0,28
1,89,42.25,1,0,1,0,0,24
0,0,4.125,0,1,0,0,0,21
1,102,40.3125,0,0,0,0,0,35
1,0,29.6875,0,0,0,0,0,40
1,161,46.75,2,1,2,0,0,40
0,0,15.125,1,0,0,0,0,33
0,0,7.8125,0,1,0,0,0,24
0,0,23.75,0,0,1,0,0,46
0,0,21,1,1,0,0,0,48
1,107,42.5625,0,0,0,0,0,35
1,153,41.625,0,0,0,0,0,32
1,119,44.0625,1,1,0,0,0,23
0,0,13.5,0,1,0,0,0,31
1,48,40.5,1,0,1,0,0,22
0,0,20.3125,0,1,1,0,0,44
1,155,47.1875,0,0,0,0,0,32
1,0,30.9375,0,0,0,0,0,38
0,0,21.75,0,0,0,0,0,39
1,0,33.1875,0,0,0,0,0,39
1,49,38.3125,0,1,1,0,0,21
0,0,9.125,0,0,0,0,0,23
1,101,42.4375,1,1,0,0,0,24
1,108,44.25,0,1,0,0,0,28
1,158,47.375,1,0,0,0,0,27
1,0,25.0625,0,0,0,0,0,44
1,198,49.875,2,0,0,0,0,37
1,78,40.6875,0,0,1,0,0,35
1,0,29.1875,1,0,2,0,0,41
1,23,38.75,0,0,1,0,0,29
1,58,41.125,1,0,0,0,0,28
1,90,43.125,0,2,1,0,0,20
1,0,35.4375,0,0,0,0,0,42
1,164,47.25,0,1,0,0,0,35
1,0,33.875,0,0,0,0,0,42
1,37,38.25,0,0,0,0,0,39
1,113,43.4375,5,0,0,1,0,44
0,0,10.375,2,0,0,0,0,26
1,89,41.4375,0,0,0,0,0,27
1,200,49,1,0,0,0,0,30
1,189,47.4375,1,2,1,0,0,35
1,103,43.9375,0,0,0,0,0,22
1,0,29.3125,0,0,0,0,0,44
1,62,41.375,2,0,0,0,0,30
0,0,23.3125,2,1,0,0,0,49
1,0,31.25,1,0,0,0,0,43
1,118,44.875,1,1,0,0,0,29
1,48,39.6875,0,0,0,0,0,29
1,144,45.5,0,2,0,0,0,29
1,0,35.8125,0,1,1,0,0,30
1,0,31.5625,0,0,0,0,0,40
1,6,37.875,0,1,0,0,0,24
1,97,42.8125,2,0,2,0,0,28
0,0,20.375,0,1,0,0,0,39
0,0,8.9375,0,1,0,0,0,23
1,0,32.5,2,0,0,0,0,49
0,0,24.375,0,0,0,0,0,49
0,0,21.6875,0,0,0,0,0,46
0,0,18.3125,0,0,0,0,0,37
1,164,47.75,3,1,0,0,0,29
1,176,48.25,2,0,0,0,0,39
1,64,41.5,1,1,0,0,0,24
1,169,47.1875,0,0,0,0,0,40
1,133,45.8125,0,1,0,0,0,26
0,0,23.375,0,0,0,0,0,54
0,0,20.3125,0,0,0,0,0,47
1,0,30.3125,0,0,0,0,0,46
1,101,43.8125,0,0,0,0,0,29
1,93,43.3125,1,1,2,0,0,32
1,0,33.9375,0,0,1,0,0,41
1,0,30.625,0,0,0,0,0,44
1,128,45.5,0,1,0,0,0,20
0,0,10.9375,0,1,0,0,0,19
1,0,34.8125,0,0,0,0,0,37
0,0,17.375,0,0,0,0,0,41
1,0,29,1,1,1,0,0,59
0,0,11.1875,0,2,0,0,0,23
0,0,12.5,0,1,0,0,0,21
1,0,33.875,0,0,0,0,0,40
1,200,49.125,0,2,0,0,0,28
1,188,49.25,0,0,0,0,0,26
0,0,8.625,2,1,0,0,0,23
1,104,44,0,0,0,0,0,40
0,0,13.9375,0,0,0,0,0,29
0,0,13.5,1,0,0,0,0,34
1,92,41.75,0,0,0,0,0,30
1,155,46.9375,1,0,0,0,0,26
0,0,4.625,0,0,0,0,0,26
1,8,37.1875,3,1,0,0,0,24
1,0,28.375,0,0,0,0,0,47
1,136,43.125,1,2,0,1,0,34
1,59,41.1875,3,0,1,0,0,33
1,136,46,1,1,0,0,0,30
1,0,33.3125,2,2,0,0,0,42
1,98,43.625,1,0,0,0,0,25
1,61,39.8125,2,0,0,0,0,28
1,56,39.5,3,0,0,0,0,37
1,0,36.5625,0,0,0,0,0,36
1,112,44.5,1,0,1,0,0,30
1,108,44.25,2,0,0,0,0,35
1,125,40.5625,0,0,0,0,0,31
1,99,43.6875,0,1,1,0,0,28
1,141,45.3125,4,0,0,0,1,28
0,0,1.625,0,0,0,0,0,18
1,149,45.8125,0,1,0,0,0,29
1,29,39.3125,0,1,0,0,0,23
1,95,42.625,0,2,0,0,0,42
1,96,43.5,0,0,1,0,0,26
1,0,26.0625,0,1,0,0,0,56
1,155,44.875,0,2,0,0,0,30
1,65,41.5625,4,0,0,0,0,28
1,10,38.125,2,1,0,0,0,33
1,194,48.125,0,1,0,0,0,21
1,0,25.625,0,0,0,0,0,41
1,26,39.125,1,1,0,0,0,23
1,47,40.4375,2,0,0,0,0,28
1,47,40.4375,2,0,0,0,0,31
0,0,23.4375,0,0,0,0,0,43
1,27,36.875,2,1,1,0,0,26
1,141,46.3125,0,0,1,0,0,29
0,0,10.625,0,0,0,0,0,27
1,110,40.5625,0,0,0,0,0,26
1,0,29.4375,0,0,0,0,0,45
1,0,34.4375,2,0,0,0,0,54
1,0,35.625,1,1,0,0,0,31
1,155,46.375,0,1,1,0,0,28
1,0,28.9375,0,1,0,0,0,45
1,91,43.1875,0,1,0,0,0,27
1,0,32.4375,0,0,0,0,0,37
1,91,43.1875,0,1,0,0,0,22
0,0,16.625,0,0,0,0,0,33
0,0,21.375,0,0,0,0,0,54
1,14,38.375,1,0,0,0,0,29
1,0,28.3125,1,1,0,0,0,28
1,147,44.375,0,1,0,0,0,37
1,0,31.625,0,0,1,0,0,39
1,123,45.1875,1,0,0,0,0,30
1,144,45.6875,0,0,1,0,0,24
1,147,46.6875,4,0,1,0,0,38
1,110,44.375,0,0,0,0,0,33
1,26,38.25,0,3,0,0,0,27
1,53,40.8125,0,0,1,0,0,25
1,102,43.875,0,0,0,0,0,30
0,0,19,1,0,0,0,0,40
0,0,5.75,1,0,0,0,0,22
1,0,29.75,0,0,0,0,0,49
1,0,30.375,0,0,0,0,0,38
1,164,45.875,2,0,0,0,0,29
1,103,43.9375,0,2,0,0,0,29
0,0,18.8125,0,0,0,0,0,41
1,0,30.75,0,0,0,0,0,39
0,0,19.0625,1,0,0,0,1,31
1,121,44.125,1,0,0,0,0,32
1,0,36.625,0,1,0,0,0,38
1,106,43.25,1,2,1,0,0,32
0,0,16.1875,0,1,0,0,0,37
0,0,6.25,0,0,0,0,0,23
1,0,29.875,0,0,0,0,0,41
1,19,38.6875,2,1,0,0,0,30
1,119,44.9375,1,1,0,0,0,28
1,144,45.625,0,1,0,0,0,28
1,0,34.25,0,0,0,0,0,36
1,37,39.8125,2,1,1,0,0,28
0,0,9.9375,0,0,0,0,0,26
1,0,36.6875,1,0,0,0,0,34
1,108,42.25,0,0,0,0,0,28
0,0,18,0,0,0,0,0,38
1,0,35.25,1,2,0,0,0,36
1,141,46.3125,1,0,0,0,0,28
1,20,38.75,0,0,0,0,0,30
1,200,50,0,0,0,0,0,30
0,0,9,0,0,0,0,0,23
1,45,39.5,2,1,0,0,0,45
0,0,22,0,1,0,0,0,53
1,96,37.3125,0,0,0,0,0,39
1,137,46.0625,2,2,0,0,0,19
1,117,43.5625,0,0,0,0,0,25
1,0,27.6875,0,0,0,0,0,42
1,1,37.5625,1,1,0,0,0,27
0,0,19.9375,0,0,0,0,0,45
1,91,42.375,2,0,0,0,0,32
0,0,17.1875,0,0,0,0,0,39
1,9,38.0625,0,1,1,0,0,23
0,0,8.875,0,0,0,0,0,25
0,0,9.6875,0,0,0,0,0,28
1,0,35.6875,2,0,0,0,0,37
1,0,26.375,0,0,0,0,0,51
1,200,48.5,0,0,0,0,0,29
0,0,14.125,0,0,0,0,0,27
1,0,32.5625,0,1,0,0,0,29
1,50,40.625,1,0,0,0,0,29
0,0,21.875,0,0,0,0,0,42
1,0,36.5,0,0,0,0,0,41
0,0,23.3125,0,0,0,0,0,41
1,139,45.375,0,0,0,0,0,30
1,83,42.6875,2,1,0,0,0,27
1,0,31.125,0,0,1,0,0,46
1,0,32.3125,0,1,0,0,0,42
1,71,39.4375,0,0,0,0,0,32
1,57,40.25,0,2,0,0,0,28
1,145,46.5625,1,0,2,0,0,24
1,85,41.875,2,0,1,0,0,35
1,86,42.875,1,0,0,0,0,45
0,0,4.6875,0,0,0,0,0,19
1,0,32.4375,0,0,0,0,0,42
1,0,37.5,0,0,0,0,0,31
1,65,41.5625,1,0,0,0,0,39
1,153,47.0625,1,0,0,0,0,25
0,0,22.375,0,0,0,0,0,49
1,55,40.9375,1,0,0,0,0,26
1,0,33.875,0,1,0,0,0,30
1,135,45.125,2,0,1,0,0,27
0,0,11.875,0,1,0,0,0,29
1,0,36.125,2,0,0,0,0,45
1,0,34.125,0,1,0,0,0,36
0,0,9.5,1,1,0,0,0,22
1,131,45.6875,0,0,1,0,0,34
1,0,32.375,0,0,0,0,0,26
1,0,28.125,0,1,0,0,0,45
1,67,41.1875,1,0,0,0,0,31
1,0,34,0,1,0,0,0,35
1,115,44.6875,3,0,0,0,0,43
0,0,22.4375,2,0,0,0,0,43
1,99,42.8125,2,0,0,0,0,29
1,0,26.5,0,0,0,0,0,40
1,148,45.9375,0,0,1,0,0,28
0,0,7.5625,0,0,0,0,0,26
1,0,32.25,0,1,0,0,0,52
1,83,41,0,1,0,0,0,31
1,53,40,2,1,0,0,0,39
1,147,46.6875,2,0,0,0,0,28
1,26,39.125,1,0,0,0,0,39
1,123,45.1875,0,2,1,0,0,31
1,132,44.125,2,0,0,0,0,26
1,0,35.0625,0,0,1,0,0,34
1,174,48.375,0,0,0,0,0,28
0,0,23.5,1,0,0,0,0,42
1,74,42.125,3,2,0,0,0,45
0,0,21.625,0,0,0,0,0,45
1,0,28.9375,0,0,0,0,0,46
0,0,18.1875,0,1,0,0,0,38
1,43,39.375,0,1,0,0,0,24
1,150,42.25,0,0,0,0,0,33
0,0,20.875,0,1,0,0,0,40
0,0,7.1875,0,0,0,0,0,22
1,0,27.1875,0,0,0,0,0,43
1,0,30.625,2,1,0,0,0,39
0,0,8.3125,0,0,0,0,0,24
1,104,44,1,1,0,0,0,31
1,0,34.5625,2,0,1,0,0,37
1,158,46.5625,2,0,0,0,0,38
1,0,33.5625,2,1,0,0,0,42
0,0,19.25,0,0,0,0,0,41
1,34,37.3125,0,0,0,0,0,27
1,127,45.4375,1,3,0,0,0,28
1,66,40.75,0,0,1,0,0,26
1,101,40.625,0,0,0,0,0,29
1,0,27.8125,0,1,0,0,0,48
1,0,29.6875,0,1,0,0,0,38
1,28,39.25,2,1,0,0,0,25
1,133,43.5,0,0,0,0,0,32
0,0,1.75,0,0,1,0,0,23
0,0,14,0,0,0,0,0,29
1,132,45.75,0,0,0,0,0,37
1,153,47.0625,1,1,0,0,0,27
0,0,12.1875,0,0,0,0,0,33
1,142,46.375,5,2,0,0,0,43
1,78,41.5625,0,0,0,0,0,23
1,0,29.8125,0,1,0,0,0,41
1,0,30.875,0,1,0,0,0,41
1,0,33.0625,0,1,0,0,0,50
0,0,23.0625,0,0,0,0,0,41
1,163,47.6875,3,0,1,0,0,38
1,0,35.875,0,0,0,0,0,35
1,0,27.6875,0,0,0,0,0,57
0,0,8.625,0,0,0,0,0,23
1,0,29.25,0,1,0,0,0,40
0,0,15.75,0,0,0,0,0,32
1,103,43.9375,1,1,0,0,0,39
0,0,13.4375,1,1,0,0,0,33
1,0,27.5,0,0,0,0,0,48
1,32,38.75,4,1,0,0,0,30
0,0,12.375,0,1,0,0,0,21
1,63,41.4375,1,1,0,0,0,29
1,31,39.4375,2,1,1,0,0,25
1,3,36.875,1,1,0,0,0,22
1,0,27.5625,0,0,0,0,0,41
1,74,42.125,0,1,0,0,0,32
1,0,30.625,0,1,0,0,0,32
1,12,37.4375,1,0,0,0,0,26
0,0,19.4375,0,0,0,0,0,41
0,0,15.5,0,1,0,0,0,31
1,0,25.25,0,0,0,0,0,48
1,200,49.5,2,0,0,0,1,26
1,0,26.0625,0,0,0,0,0,42
1,135,45.9375,0,2,0,0,0,35
1,125,45.3125,3,1,0,0,0,30
1,0,33,1,1,0,0,0,42
1,103,43.125,0,1,0,0,0,28
1,71,41.9375,0,0,1,0,0,38
1,0,37.5,1,0,0,0,0,40
1,180,48.75,1,1,0,0,0,24
1,0,30.1875,0,0,1,0,0,62
1,0,31.375,0,0,0,0,0,41
1,0,29.5,1,1,0,0,0,43
1,131,44.875,4,1,0,0,0,37
0,0,7.625,1,0,0,0,0,25
1,0,25.9375,1,0,0,0,0,40
1,128,45.5,1,0,0,0,0,28
1,27,39.1875,1,0,0,0,0,30
1,131,44.6875,4,0,0,0,0,39
1,0,31.375,0,0,1,0,0,38
1,0,25.75,0,0,1,0,0,62
1,0,35.625,0,1,0,0,0,29
1,0,28.125,0,0,0,0,0,42
0,0,10.125,0,0,0,0,0,24
1,190,47.625,0,0,0,0,0,27
1,177,47.6875,0,0,0,0,0,28
1,185,47.8125,0,1,1,0,0,25
0,0,20.0625,0,0,0,0,0,47
0,0,23.5,0,0,0,0,0,49
1,0,37.5,2,0,1,0,0,31
1,0,27.1875,0,0,0,0,0,42
0,0,7.4375,0,0,0,0,0,23
0,0,17.3125,2,1,0,0,0,38
1,0,33.75,0,0,0,0,0,26
1,69,40.0625,0,1,0,0,0,31
1,95,43.4375,0,1,0,0,0,19
1,97,42.75,0,1,0,0,0,34
1,0,33.6875,0,2,0,0,0,36
1,0,32.125,0,1,0,0,0,43
1,90,43.125,0,0,1,0,0,23
0,0,9.9375,0,0,0,0,0,19
1,0,26,0,0,0,0,0,45
1,80,41.625,1,1,0,0,0,27
0,0,20.5,0,1,0,0,0,43
1,172,47.8125,2,3,1,1,0,32
1,34,38.75,3,0,0,0,0,35
1,85,42.8125,3,1,0,0,0,29
0,0,13.75,0,1,0,0,0,36
1,108,43.4375,1,0,0,0,0,26
1,164,47.75,1,0,0,0,0,28
0,0,10.125,0,0,1,0,0,24
1,88,42,2,1,0,0,0,42
1,72,39.625,0,2,0,0,0,18
1,94,43.375,2,1,0,0,0,24
1,120,45,2,0,0,0,0,29
1,134,45.875,0,1,0,0,0,28
1,0,28.5625,0,0,0,0,0,54
1,120,45,0,1,0,0,0,26
0,0,23.5,0,0,0,0,0,42
1,20,38.75,1,0,0,0,0,26
1,72,39.6875,0,0,0,0,0,35
1,46,40.375,0,1,1,0,0,23
1,0,31.25,0,0,0,0,0,35
1,0,30.3125,0,0,0,0,0,45
1,78,42.125,0,1,0,0,0,38
1,67,41.6875,0,0,1,0,0,24
1,185,49.0625,0,0,1,0,0,24
1,0,30.9375,0,1,0,0,0,47
1,10,38.125,1,0,0,0,0,24
1,75,37.6875,2,0,0,0,0,53
1,0,25.4375,0,0,0,0,0,71
1,173,45.25,0,0,0,0,0,35
1,52,39.625,4,1,0,0,0,43
1,62,40.5,0,0,0,0,0,28
1,0,28.4375,0,1,0,0,0,45
1,0,33.25,0,0,0,0,0,36
1,0,33.75,0,0,0,0,0,38
1,0,36.4375,0,0,0,0,0,36
1,0,31,0,1,1,0,0,27
0,0,17.9375,1,1,0,0,0,48
1,172,48.25,0,0,0,0,0,21
1,13,38.3125,0,0,1,0,0,24
1,188,49.25,1,0,0,0,0,41
1,0,28.375,1,0,0,0,0,39
1,198,49.875,1,0,0,0,0,30
1,134,43.875,0,0,2,0,0,29
1,80,42.5,0,0,0,0,0,26
1,120,42.625,0,1,1,0,0,28
1,100,41.4375,0,0,0,0,0,29
1,165,46.9375,2,1,0,0,1,28
0,0,19.0625,0,1,1,0,0,45
1,56,40,1,0,0,0,0,38
1,0,30.1875,0,0,0,0,0,40
1,0,33.4375,0,1,0,0,0,37
0,0,19.8125,0,0,1,0,0,43
1,167,46.9375,2,0,1,0,0,29
1,0,30.1875,1,1,1,0,0,46
0,0,14.75,0,0,0,0,0,26
0,0,13.375,0,0,0,0,0,38
1,36,39.75,1,0,0,0,0,44
1,0,26.125,1,0,0,0,0,40
1,170,48.125,0,1,0,0,0,19
1,157,47.3125,0,0,1,0,0,21
1,0,28.75,0,0,0,0,0,59
1,91,43.1875,1,1,1,0,0,22
1,94,42.375,1,0,1,0,0,22
0,0,12,0,1,0,0,0,30
1,120,45,1,0,1,0,0,30
1,0,32.125,1,0,1,0,0,45
1,96,43.25,2,2,0,0,0,27
0,0,5.8125,0,0,0,0,0,22
1,0,27.3125,0,0,0,0,0,62
1,0,25.8125,2,0,0,0,0,46
1,0,28.75,0,0,1,0,0,48
1,90,42.125,0,0,0,0,0,24
0,0,22.5,0,0,0,0,0,41
1,40,40,0,1,0,0,0,21
1,0,31.8125,1,0,1,0,0,40
1,89,43.0625,3,1,0,0,0,31
1,109,44.3125,3,0,0,0,0,37
1,26,39.125,1,1,0,0,0,30
1,77,42.3125,1,1,0,0,0,41
1,0,35.75,1,0,0,0,0,37
1,2,37.625,1,1,0,0,0,26
1,0,33.5625,1,0,0,0,0,33
1,143,44.6875,3,0,0,0,0,41
1,170,48.125,3,0,1,0,0,26
1,57,41.0625,1,1,0,0,0,33
1,154,46.25,2,0,0,0,0,37
1,37,39.8125,4,0,0,0,0,28
1,0,29.125,0,1,0,0,0,45
0,0,8.75,0,0,0,0,0,30
1,0,34.1875,0,0,0,0,0,34
1,0,36.0625,1,1,1,0,0,34
1,81,42.0625,3,0,1,0,0,32
1,107,41.8125,0,0,0,0,0,28
0,0,18.0625,0,1,0,0,0,47
0,0,6.0625,2,0,0,0,0,25
0,0,21.8125,0,0,0,0,0,49
1,73,42.0625,1,0,1,0,0,23
1,65,41.5625,0,0,1,0,0,29
1,0,28.375,0,0,0,0,0,49
1,0,27.875,0,0,0,0,0,55
0,0,23,0,0,0,0,0,56
1,0,28.3125,0,1,0,0,0,33
0,0,19.3125,0,1,0,0,0,38
0,0,6.8125,0,0,0,0,0,24
1,160,46,2,1,0,0,0,38
1,0,29.375,1,0,0,0,0,44
1,0,36.625,0,1,0,0,0,35
1,200,49.1875,0,0,0,0,0,29
1,0,30.875,0,1,0,0,0,42
1,72,41.25,1,1,0,0,0,35
0,0,16.3125,0,0,1,0,0,39
1,94,40.25,0,0,0,0,0,28
1,0,31,0,0,0,0,0,43
1,0,31.75,0,0,0,0,0,54
1,80,42.5,1,2,0,0,0,42
1,200,47.6875,0,0,2,0,0,29
0,0,19.125,0,0,0,0,0,37
1,0,29.3125,0,1,0,0,0,47
1,0,30.4375,1,2,0,0,0,44
1,0,32.4375,0,0,0,0,0,40
1,165,47.8125,3,0,0,0,0,26
0,0,8.3125,0,1,0,0,0,22
1,115,44.6875,0,0,0,0,0,24
1,0,34.5,4,0,0,0,0,36
0,0,10.625,0,0,0,0,0,19
1,122,45.125,4,2,0,0,0,25
1,51,38.375,0,2,0,0,0,35
1,69,41.8125,2,0,0,0,0,44
0,0,15.25,0,0,0,0,0,34
0,0,21.4375,1,0,0,0,0,50
1,122,45.125,0,0,0,0,0,36
1,0,28.6875,0,0,0,0,0,40
0,0,16.5625,0,0,0,0,0,27
1,0,30.75,0,0,1,0,0,28
1,0,26.1875,0,0,0,0,0,41
1,0,29.6875,2,0,0,0,0,47
0,0,11.0625,0,0,0,0,0,29
1,0,27.8125,0,0,0,0,0,45
0,0,10.375,0,0,0,0,0,23
1,137,46.0625,0,1,0,0,0,24
1,44,38.5625,0,0,1,0,0,26
1,109,43.4375,2,0,0,0,0,32
1,128,45.5,0,0,0,0,0,33
1,20,38.75,2,0,0,0,0,43
1,115,42.0625,0,2,1,0,0,23
0,0,20.4375,0,0,0,0,0,45
1,62,41.375,0,0,0,0,0,27
1,0,29.8125,0,0,0,0,0,37
1,120,44,0,0,0,0,0,25
1,61,40.5,1,1,0,0,0,32
0,0,9.3125,2,0,0,0,0,21
1,0,26.0625,1,0,0,0,0,44
1,14,38.375,0,2,0,0,0,27
1,127,45.4375,2,0,2,0,0,32
1,77,40.625,0,1,0,0,0,40
1,200,49.1875,0,0,1,0,0,25
1,107,43.5625,0,1,0,0,0,30
1,50,40.625,0,0,0,0,0,27
1,87,42.9375,1,0,0,0,0,32
1,0,32.25,0,0,0,0,0,62
1,0,27.5,0,0,0,0,0,56
1,140,45.5625,0,0,1,0,0,35
0,0,24.5,0,0,0,0,0,48
1,0,31.4375,0,0,0,0,0,41
1,165,47.8125,0,0,0,0,0,27
1,200,48.9375,1,0,0,0,0,27
0,0,19.125,0,0,0,0,0,39
0,0,22.25,2,0,0,0,0,53
0,0,17.8125,1,1,0,0,0,28
1,0,27.75,0,0,0,0,0,61
1,0,35.0625,0,1,0,0,0,37
1,36,38.875,0,0,0,0,0,26
1,72,42,0,0,0,0,0,25
1,172,48.25,2,0,1,0,0,33
1,0,27.0625,0,0,1,0,0,42
1,109,44.0625,1,0,0,0,0,25
1,113,44.5625,2,0,0,0,0,29
0,0,12.3125,0,1,0,0,0,28
1,0,33.125,0,0,0,0,0,37
0,0,11.75,0,0,0,0,0,21
1,0,28.9375,0,0,0,0,0,27
0,0,7.0625,1,0,0,0,0,21
1,0,31.75,0,0,0,0,0,42
1,53,40.8125,0,1,0,0,0,26
0,0,12.5,0,0,0,0,0,26
1,41,39.1875,3,1,1,0,0,43
0,0,22.1875,0,0,0,0,0,41
1,87,42.9375,0,2,0,0,0,24
1,0,36.6875,0,1,1,0,0,36
1,99,43.6875,2,2,0,0,0,30
1,150,46.875,0,0,0,0,0,42
1,124,45.25,1,0,1,0,0,30
1,137,46.0625,0,1,0,0,0,27
1,58,41.125,0,1,0,0,0,31
1,56,40.25,3,0,1,0,0,44
1,0,25.625,0,0,0,0,0,43
0,0,18.3125,2,1,0,0,0,43
1,131,44.875,2,0,0,0,0,25
1,183,44.125,0,1,0,0,0,32
1,0,25.5,0,0,0,0,0,44
1,78,42.375,0,0,1,0,0,42
1,83,42.6875,0,1,1,0,0,34
1,40,38.3125,0,1,0,0,0,27
1,167,47.4375,2,0,1,0,0,31
1,0,34.9375,0,0,0,0,0,36
0,0,17.4375,0,1,0,0,0,37
1,0,30.4375,0,0,0,0,0,37
1,0,37.5,2,1,0,0,0,26
1,148,46.75,0,1,1,0,0,29
1,0,35.125,1,0,0,0,0,26
0,0,22.125,0,1,0,0,0,47
1,89,42.0625,1,0,0,0,0,30
1,0,33.25,0,0,0,0,0,41
0,0,21.5625,0,0,0,0,0,47
1,82,42.625,0,1,0,0,0,23
1,0,37.5,1,1,0,0,0,28
1,0,33.125,0,0,0,0,0,28
1,134,45.125,1,0,1,0,0,34
1,116,42.6875,1,0,0,0,0,28
1,198,49.0625,0,0,0,0,0,28
1,0,26.75,0,0,0,0,0,42
0,0,24.125,0,0,0,0,0,45
1,165,45.4375,0,0,1,0,0,30
0,0,23.25,0,1,0,0,0,33
1,75,42.1875,1,1,1,0,0,39
1,146,45.8125,0,0,0,0,0,37
1,0,33.875,1,2,0,0,0,38
1,0,28,0,0,0,0,0,43
1,0,35.1875,0,2,0,0,0,25
1,0,36.0625,2,0,0,0,0,28
1,111,40.3125,0,0,0,0,0,40
1,56,40.125,1,0,0,0,0,37
1,140,46.25,1,1,1,0,0,35
1,0,28.125,0,0,0,0,0,43
1,116,44.75,0,3,0,0,0,27
1,100,41.6875,0,0,0,0,0,26
1,0,26,0,0,0,0,0,42
1,0,33.1875,2,0,1,0,0,34
1,164,46.25,0,0,0,0,0,27
1,0,33.1875,0,0,0,0,0,44
1,0,34.625,3,0,0,0,0,37
1,0,29.1875,0,0,0,0,0,59
1,115,44.6875,2,1,0,0,0,22
0,0,11.125,0,0,0,0,0,36
0,0,18.5625,0,0,0,0,0,42
1,76,42.25,1,0,0,0,0,27
1,0,30.75,0,0,0,0,0,49
0,0,8.125,0,0,0,0,0,21
0,0,22.875,0,0,1,0,0,40
1,8,38,2,2,0,0,0,23
1,0,36.1875,0,0,0,0,0,36
1,0,31.125,0,0,0,0,0,40
0,0,14.5,0,0,0,0,0,27
1,55,40.9375,2,0,1,0,0,48
1,0,34.375,0,0,0,0,0,35
1,0,25.5,1,0,0,0,0,45
1,21,38,2,0,0,0,0,26
1,0,34.375,0,0,0,0,0,47
1,98,43.625,2,0,0,0,0,32
1,0,28.625,0,0,0,0,0,42
1,0,35.875,0,0,0,0,0,32
0,0,15.1875,1,0,0,0,0,39
1,184,48.125,1,0,0,0,0,41
1,0,31.3125,0,2,0,0,0,38
0,0,23.25,0,0,0,0,0,42
1,135,45.4375,1,1,0,0,0,30
1,0,36.5,3,0,0,0,0,35
0,0,11.4375,0,0,0,0,0,24
0,0,18.25,2,1,0,0,0,40
1,62,40.5625,0,1,1,0,0,30
1,0,26.1875,0,1,1,0,0,46
1,0,31,0,1,0,0,0,40
1,126,44.625,1,0,0,0,0,29
1,0,33,0,1,0,0,0,36
1,185,47.5625,0,0,0,0,0,37
1,117,43.9375,0,0,0,0,0,30
1,41,39,0,0,1,0,0,31
0,0,5.3125,0,0,0,0,0,22
1,139,45.3125,1,1,0,0,0,38
1,60,40.4375,0,1,0,0,0,25
1,135,45.9375,0,0,0,0,0,29
1,179,47.75,0,0,0,0,0,26
1,0,26.3125,0,0,0,0,0,46
1,9,36.5625,0,1,0,0,0,38
1,0,27.0625,2,0,0,0,0,46
1,198,49,3,0,1,0,0,44
1,53,40.8125,0,0,1,0,0,30
1,0,26,0,0,0,0,0,40
1,0,33.125,0,1,0,0,0,37
1,0,36.875,0,0,0,0,0,29
1,176,46.8125,1,0,1,0,0,37
1,167,46.4375,2,0,0,0,0,30
1,84,42.75,3,1,0,0,0,34
1,151,45.125,1,2,0,0,0,25
1,200,49.1875,1,1,0,0,0,24
0,0,13.25,0,0,0,0,0,33
0,0,12.25,0,0,0,0,0,23
1,90,43.125,0,0,0,0,0,19
1,93,43.3125,4,1,0,0,0,34
1,0,29.0625,0,0,0,0,0,46
1,172,47.3125,0,0,0,0,0,26
1,0,26.8125,0,1,0,0,0,50
0,0,10.75,0,0,0,0,0,21
1,0,27.25,0,1,0,0,0,42
1,27,39.1875,3,0,0,0,0,29
1,0,33.3125,2,0,0,0,0,37
1,0,31.125,0,1,0,0,0,41
0,0,7.5,0,0,0,0,0,21
0,0,23.4375,0,0,0,0,0,46
1,165,47.8125,4,2,0,0,0,44
1,134,44.5,1,0,1,0,0,28
1,200,49.5,0,1,0,0,0,32
0,0,12.5,0,0,0,0,0,26
1,8,38,0,2,1,0,0,24
0,0,12.5,0,0,0,0,0,29
1,55,39.1875,0,1,0,0,0,33
0,0,23.75,0,0,0,0,0,40
1,0,33.5,2,1,0,0,0,45
1,0,35.0625,2,0,0,0,0,37
0,0,18.875,0,0,0,0,0,37
1,0,37.375,0,1,0,0,0,34
1,0,36.5625,0,1,0,0,0,35
1,127,45.4375,0,1,0,0,0,25
1,0,27.9375,1,1,0,0,0,48
1,0,32,0,1,0,0,0,36
1,0,34.6875,2,1,0,0,0,38
1,49,40.5625,2,1,0,0,0,32
1,81,42.5625,2,2,0,0,0,27
1,163,46.3125,0,0,0,0,0,24
1,0,34.8125,1,0,0,0,0,38
1,127,45.4375,1,1,1,0,0,28
0,0,14.4375,2,0,0,0,0,31
0,0,6.5,0,0,0,0,0,22
1,0,26.0625,0,0,0,0,0,47
1,159,47.4375,2,1,0,0,0,31
1,0,28.25,0,0,0,0,0,41
1,98,43.625,1,0,0,0,0,29
1,149,45.1875,0,2,0,0,0,26
0,0,20.1875,1,0,0,0,0,47
1,48,36.625,0,3,0,0,0,27
1,0,34.1875,0,0,0,0,0,46
1,138,44.875,2,1,0,0,0,36
1,0,28,0,0,0,0,0,46
0,0,19.6875,0,0,0,0,0,48
0,0,20,0,0,0,0,0,41
0,0,11.5625,0,0,0,0,0,21
0,0,18.9375,0,1,0,0,0,51
1,90,43.125,0,2,0,0,0,22
1,78,39.875,0,0,0,0,0,35
1,137,44.5625,0,1,0,0,0,29
0,0,23.25,0,0,0,0,0,43
1,152,47,3,1,0,0,0,32
0,0,5.9375,0,0,0,0,0,35
1,0,29.625,0,0,0,0,0,41
0,0,20.9375,0,0,0,0,0,38
0,0,11.25,0,0,0,0,0,28
1,73,40.375,0,1,0,0,0,26
0,0,11.125,0,0,0,0,0,18
1,60,41.25,3,0,0,1,0,34
0,0,21.9375,1,0,0,0,0,55
1,0,27.125,0,0,0,0,0,48
0,0,22.375,0,0,0,0,0,40
1,0,31.5625,0,0,0,0,0,45
0,0,21.5625,2,0,0,0,0,59
1,112,44.5,1,0,0,0,0,35
1,0,31.5,2,0,1,0,0,36
1,20,38.75,2,0,0,0,0,28
1,0,34,0,0,0,0,0,45
1,75,41.375,4,0,0,0,0,35
1,0,33.3125,0,0,0,0,0,46
1,0,29,0,0,0,0,0,41
1,116,44.75,1,0,0,0,0,37
0,0,18.0625,1,0,0,0,0,47
1,0,33.375,0,2,0,0,0,29
1,1,37.5625,3,1,0,0,0,25
1,138,43.25,0,1,1,0,0,37
1,0,26.125,0,0,0,0,0,49
1,159,45.8125,0,0,0,0,0,32
1,0,31.8125,1,0,1,0,0,35
1,98,43.625,1,0,0,0,0,31
1,9,37.8125,1,1,0,0,0,37
1,169,46.5625,0,1,0,0,0,27
0,0,20.625,0,0,0,0,0,48
1,135,45.9375,3,0,0,0,0,35
1,200,47.625,0,2,1,0,0,31
1,0,34.25,1,1,0,0,0,39
1,142,46.375,0,1,0,0,0,20
0,0,11.3125,0,0,0,0,0,23
1,160,46.125,0,0,1,0,0,27
1,0,35.5,0,0,0,0,0,41
1,0,33.4375,0,0,0,0,0,42
1,136,46,1,0,1,0,0,26
1,47,40.4375,0,0,0,0,0,31
0,0,22.5,0,0,1,0,0,50
0,0,8,0,0,0,0,0,20
1,127,44.625,2,0,1,0,0,41
1,144,46.5,1,1,0,0,0,30
1,111,43.4375,0,0,1,0,0,28
0,0,16.6875,0,0,0,0,0,36
0,0,8.0625,0,0,0,0,0,28
1,0,36.25,0,0,0,0,0,34
0,0,23.5,2,0,0,0,0,41
1,121,45.0625,2,0,0,0,0,27
1,76,42.25,0,0,0,0,0,40
1,0,29.6875,0,1,0,0,0,48
1,141,45.375,0,2,0,0,0,36
1,96,43.5,0,0,0,0,0,23
1,115,42.4375,0,1,0,0,0,32
1,0,35.8125,3,1,1,0,0,41
1,183,48.9375,1,0,0,0,0,36
0,0,16.75,0,0,0,0,0,40
1,0,25.1875,0,0,0,0,0,51
1,0,29.8125,0,0,0,0,0,37
1,169,48.0625,0,0,0,0,0,26
1,0,32.1875,0,1,0,0,0,35
0,0,6.875,0,0,0,0,0,19
1,0,31.4375,0,0,0,0,0,41
1,139,46.1875,0,0,1,0,0,25
0,0,13.4375,0,0,0,0,0,24
0,0,12.5625,0,0,0,0,0,24
1,193,49.3125,2,0,0,0,0,35
1,130,45.625,1,0,1,0,0,30
1,0,30.375,0,0,0,0,0,47
1,0,28.5625,0,0,0,0,0,42
1,75,42.1875,2,0,0,0,0,27
1,0,28.4375,0,0,1,0,0,34
1,0,26.5625,0,0,0,0,0,45
1,0,29.9375,0,0,0,0,0,43
1,175,48.4375,2,0,1,0,0,32
1,129,45.5625,2,1,0,0,0,26
0,0,14.25,0,0,0,0,0,29
0,0,12.0625,0,0,0,0,0,25
1,0,33,0,0,0,0,0,45
0,0,24.5,0,0,0,0,0,48
1,0,30.5625,0,2,0,0,0,43
1,69,41.5625,1,1,0,0,0,27
0,0,21.8125,0,1,0,0,0,47
1,128,45.5,3,0,1,0,0,32
0,0,14.1875,0,0,0,0,0,29
1,0,37.5,1,0,0,0,0,37
0,0,16.4375,0,0,0,0,0,38
0,0,22.625,0,0,0,0,0,54
1,157,46.4375,1,0,1,0,0,24
1,0,31.125,0,0,0,0,0,35
1,158,46.5625,0,0,2,0,0,25
1,71,41.9375,1,0,0,0,0,27
1,0,26.4375,1,0,0,0,0,44
1,17,36.8125,2,0,0,0,0,42
1,125,45.3125,1,0,1,0,0,25
0,0,11.0625,0,1,0,0,0,27
1,106,43.3125,0,0,0,0,0,33
0,0,22.0625,0,2,0,0,0,43
1,95,43.4375,2,0,0,0,0,26
0,0,19.625,1,0,0,0,0,45
0,0,11.0625,0,0,0,0,0,23
1,0,34.0625,0,0,0,0,0,32
1,0,30.5625,0,1,0,0,0,43
1,189,48.3125,0,0,0,0,0,36
1,189,48.5,0,1,1,0,0,27
1,200,48.875,0,1,0,0,0,22
1,132,45.75,0,1,0,0,0,29
1,134,45.875,2,0,0,0,0,24
1,0,25.875,0,0,0,0,0,46
1,0,31.3125,0,0,0,0,0,45
0,0,6.25,0,0,0,0,0,21
1,148,45.5625,2,0,0,0,0,29
0,0,22.6875,0,0,0,0,0,41
1,106,44.125,0,0,0,0,0,29
1,0,29.5,0,0,0,0,0,37
1,127,44.9375,1,0,0,0,0,28
0,0,22,0,1,0,0,0,45
1,0,26.1875,0,1,0,0,0,40
1,58,41.125,2,0,0,0,0,39
1,172,43.625,0,0,1,0,0,30
1,0,30.5625,0,1,0,0,0,41
1,153,47.0625,4,0,1,0,0,35
1,169,48.0625,2,0,0,0,0,29
1,55,40.1875,2,0,0,0,0,23
1,200,50,1,2,0,0,0,30
1,142,46.375,1,0,0,0,0,37
1,136,46,0,0,1,0,0,28
1,125,45.3125,1,2,0,0,0,29
1,0,34.6875,0,0,1,0,0,27
1,149,45.9375,1,0,0,0,0,33
1,0,29.6875,1,0,0,0,0,38
1,0,25.625,0,0,0,0,0,43
0,0,6.625,0,0,0,0,0,23
0,0,16.8125,0,0,0,0,0,32
1,0,28.5625,3,0,0,0,0,47
1,0,29.75,0,0,0,0,0,48
1,6,37,1,0,0,0,0,37
1,117,43.3125,0,1,0,0,0,30
0,0,6.25,0,1,0,0,0,21
1,160,46.625,2,0,1,0,0,38
1,0,34.125,0,1,0,0,0,37
0,0,15.75,0,0,0,0,0,39
0,0,22,0,1,0,0,0,44
1,153,45.4375,0,0,0,0,0,21
0,0,11.75,0,1,0,0,0,25
1,0,30.625,0,0,0,0,0,43
1,166,47.875,0,0,0,0,0,30
1,25,39.0625,1,1,0,0,0,28
0,0,21.625,0,0,0,0,0,70
1,0,30.0625,2,0,0,0,0,53
1,0,30.9375,0,0,0,0,0,42
1,182,48.875,0,2,0,0,0,19
1,0,31.8125,3,0,0,0,0,38
1,96,43.5,1,0,0,0,0,24
1,44,38.5625,0,0,0,0,0,28
0,0,20.8125,1,1,0,0,0,42
1,133,45.8125,1,0,0,0,0,23
1,0,33.5,0,2,2,0,0,27
1,0,35.625,0,0,0,0,0,35
1,169,47.1875,0,0,0,0,0,37
1,0,29,0,0,0,0,0,40
1,0,37.5,0,0,1,0,0,28
0,0,24.25,1,0,0,0,0,65
0,0,10.625,0,0,0,0,0,21
1,0,26,0,0,0,0,0,44
1,80,42.5,2,0,0,0,0,29
1,0,27.0625,0,0,0,0,0,54
0,0,11.375,0,0,1,0,0,20
1,96,43.5,0,0,0,0,0,28
1,162,47.625,1,0,0,0,0,30
1,18,38.625,1,1,0,0,0,30
1,0,32.5625,0,0,0,0,0,41
1,185,49.0625,0,0,0,0,0,23
0,0,9.6875,0,0,0,0,0,28
1,102,43.875,0,2,0,0,0,19
1,113,40.6875,1,0,0,0,0,31
1,0,28.375,0,0,0,0,0,43
1,0,29.9375,0,0,0,0,0,39
1,200,48.5,0,1,0,0,0,33
1,191,44.0625,0,0,0,0,0,29
1,139,45.3125,1,0,0,0,0,29
1,0,36.25,1,1,0,0,0,36
1,0,26.875,0,0,1,0,0,42
1,112,44.5,1,1,0,0,0,44
1,154,46.6875,3,2,0,0,0,28
1,0,32.8125,0,0,0,0,0,38
0,0,7.8125,0,0,0,0,0,28
1,50,39.125,0,0,1,0,0,19
1,0,25.25,0,0,0,0,0,43
0,0,21.5,1,0,0,0,0,47
0,0,12.625,0,0,0,0,0,25
1,178,48.625,1,1,2,0,0,29
1,20,38.75,0,0,0,0,0,26
1,108,41.125,0,0,0,0,0,26
1,151,46.9375,2,0,1,0,0,30
1,192,49.5,0,0,1,0,0,28
0,0,18.875,0,0,0,0,0,41
0,0,21.8125,0,0,1,0,0,41
0,0,21.5,0,0,0,0,0,48
1,121,45.0625,1,0,0,0,0,29
1,17,38.5625,0,0,0,0,0,25
1,65,41.5625,2,0,0,0,0,32
1,81,42.5625,2,0,1,0,0,27
1,157,47.3125,0,0,1,0,0,26
1,0,34.0625,0,1,0,0,0,35
1,26,39.125,1,2,0,0,0,27
1,0,30.0625,0,0,0,0,0,48
1,0,27.8125,0,0,0,0,0,38
1,4,35.4375,0,0,0,0,0,26
1,0,36,0,0,2,0,0,34
1,59,39.5,0,0,0,0,0,32
1,172,48.25,2,1,0,0,0,35
1,110,43.375,2,1,1,0,0,27
1,61,41.3125,0,1,0,0,0,43
0,0,21.4375,0,0,0,0,0,47
0,0,22.6875,0,0,0,0,0,45
0,0,11.5625,0,0,0,0,0,28
1,0,33,0,1,0,0,0,36
0,0,13,0,0,0,0,0,22
1,62,41.375,2,0,0,0,0,35
0,0,11.375,0,0,0,0,0,26
0,0,23.875,0,0,0,0,0,60
1,0,32,0,1,0,0,0,39
1,0,26.125,0,0,0,0,0,47
1,0,30.875,0,1,0,0,0,42
1,0,28.875,0,1,0,0,0,45
1,66,39.9375,1,1,0,0,0,25
1,0,30.75,0,0,0,0,0,38
1,110,42.375,0,1,0,0,0,26
1,200,49,2,0,1,1,2,30
0,0,19.375,0,2,0,0,0,44
1,151,45.4375,2,0,0,0,0,29
1,0,35.625,0,0,0,0,0,29
1,0,37.5,0,0,0,0,0,37
1,156,46.4375,0,0,1,0,0,42
0,0,20.625,0,0,0,0,0,42
1,160,47.5,0,0,0,0,0,38
1,101,43.8125,0,2,0,0,0,25
0,0,16.3125,0,1,0,0,0,38
1,30,39.375,1,0,0,0,0,32
1,0,33.125,0,0,0,0,0,44
1,0,37.4375,0,1,0,0,0,34
1,0,34.5,1,0,0,0,0,36
1,57,41.0625,3,0,2,0,0,35
1,0,31.3125,1,0,0,0,0,37
1,81,42.5625,1,0,0,0,0,38
1,33,39.5625,2,1,0,0,0,39
1,0,26.75,0,1,0,0,0,59
1,186,49.125,3,1,2,0,1,32
1,129,45.5625,2,0,1,0,0,36
1,185,48.3125,0,0,0,0,0,30
1,0,35.0625,1,0,1,0,0,44
1,93,42.4375,1,1,0,0,0,41
1,24,39,1,1,0,0,0,29
1,32,37.5,2,0,1,0,0,27
0,0,14.4375,0,0,0,0,0,37
0,0,23.25,1,0,1,0,0,46
1,145,45.6875,0,0,0,0,0,24
1,0,37.5,1,0,0,0,0,32
0,0,15.125,0,0,0,0,0,29
1,0,26.5625,0,0,0,0,0,42
1,44,40.25,0,0,1,0,0,28
1,0,25.875,1,0,0,0,0,49
1,0,29.5625,0,0,0,0,0,45
1,6,37.875,1,0,0,0,0,25
0,0,19.3125,2,0,0,0,0,53
1,114,44.625,1,0,0,0,0,31
1,43,37.875,0,1,1,0,0,29
1,200,49.5,0,1,0,0,0,27
1,0,27.1875,0,0,0,0,0,63
1,0,33.375,0,0,0,0,0,40
1,186,46.8125,0,0,2,0,0,28
1,187,49.1875,2,1,1,0,0,28
1,122,45.125,1,0,0,0,0,19
1,200,47.3125,0,1,0,0,0,29
1,130,44.75,0,1,0,0,0,25
1,0,30.75,0,1,0,0,0,44
0,0,15.8125,0,0,0,0,0,37
1,0,31.875,0,1,1,0,0,45
1,176,48.5,2,2,0,0,0,31
0,0,4.9375,0,0,2,0,0,23
1,0,32.3125,1,0,0,0,0,42
0,0,10.6875,1,0,0,0,0,22
0,0,9.625,1,0,0,0,0,34
1,0,26,0,0,0,0,0,50
0,0,22.375,1,1,0,0,0,41
0,0,12.3125,0,0,0,0,0,28
1,86,40.9375,0,0,0,0,0,26
1,0,37.5,4,0,0,0,0,36
0,0,21.1875,0,1,0,0,0,37
1,34,38.8125,0,1,0,0,0,24
1,0,26.875,0,1,0,0,0,40
0,0,10.875,0,1,0,0,0,26
1,49,40.5625,0,0,0,0,0,26
1,88,42.125,0,1,0,0,0,29
1,131,44.875,1,0,1,0,0,34
1,184,48.75,3,1,0,0,2,45
1,200,50,1,0,1,0,0,30
1,0,29.375,0,1,0,0,0,43
1,29,39.3125,2,0,1,0,0,30
0,0,22.125,0,2,1,0,0,41
1,45,39.5625,1,0,0,0,0,30
0,0,9.875,0,0,0,0,0,21
1,144,46.5,1,1,0,0,0,28
1,146,46.625,0,0,0,0,0,25
1,123,45.1875,0,2,0,0,0,26
1,0,27.8125,0,0,0,0,0,46
1,0,33.75,0,2,0,0,0,38
1,0,28.8125,0,0,0,0,0,43
1,0,28,0,1,0,0,0,36
1,41,39.25,1,0,0,0,0,35
0,0,21.5,0,0,0,0,0,41
1,0,28.5625,2,0,0,0,0,39
0,0,7.5625,0,0,0,0,0,21
1,20,37.9375,1,1,0,0,0,28
1,25,38.3125,2,1,0,0,0,32
1,140,46.25,0,1,0,0,0,30
1,54,40.875,1,1,0,0,0,32
1,83,42.6875,0,0,0,0,0,29
1,105,44.0625,0,1,0,0,0,26
0,0,13.875,0,0,0,0,0,29
1,29,39.3125,0,0,0,0,0,28
1,0,33.5,0,0,0,0,0,39
1,15,38.4375,0,1,0,0,0,26
1,108,43.75,1,1,1,0,0,36
0,0,22.75,0,0,0,0,0,42
1,85,41.9375,0,0,0,0,0,23
0,0,17.9375,0,0,0,0,0,31
1,122,43.8125,0,0,0,0,0,34
0,0,11.9375,0,0,0,0,0,22
0,0,19.125,0,0,0,0,0,40
1,179,47.8125,0,1,1,0,0,31
1,183,47.25,0,0,0,0,0,32
1,0,25.25,0,0,0,0,0,63
1,158,47.375,2,0,1,0,0,29
0,0,11.5,0,0,0,0,0,26
1,151,45.4375,0,0,0,0,0,18
1,0,30.0625,0,1,0,0,0,49
1,0,27.625,0,1,0,0,0,42
0,0,23.875,0,1,0,0,0,45
1,126,44.5625,0,0,0,0,0,28
0,0,8.9375,0,0,0,0,0,21
1,0,34.8125,0,0,0,0,0,26
1,130,44.75,0,1,0,0,0,32
1,0,31.5625,2,0,0,0,0,62
1,9,33.5625,0,1,0,0,0,34
1,0,30.75,0,0,0,0,0,39
1,0,27.75,0,0,0,0,0,45
1,0,37.5,1,0,0,0,0,32
0,0,8.5625,0,0,0,0,0,21
1,64,40.625,1,0,0,0,0,27
1,0,33,6,0,0,0,0,58
1,0,28.1875,2,0,0,0,0,36
0,0,11.5,0,0,0,0,0,27
1,15,37.6875,1,0,0,0,0,24
1,0,26.9375,0,1,1,0,0,51
0,0,12.5,0,0,0,0,0,26
1,0,26.25,0,0,0,0,0,40
1,99,42.1875,0,0,0,0,0,26
1,160,47.5,2,0,1,0,0,30
1,42,39.3125,0,0,0,0,0,24
1,0,30.3125,0,1,1,0,0,46
0,0,24.0625,0,0,0,0,0,44
1,200,48.3125,0,1,0,0,0,27
1,121,45.0625,1,0,0,0,0,34
1,0,32.75,0,2,0,0,0,29
1,45,40.3125,1,1,0,0,0,31
1,0,34.75,0,0,0,0,0,40
1,131,45.6875,3,0,0,0,0,30
1,109,44.3125,1,1,0,0,0,30
1,112,44,0,0,0,0,0,29
0,0,19.3125,0,0,0,0,0,40
1,108,44.25,1,0,0,0,0,33
0,0,11.125,0,0,0,0,0,28
1,140,46.25,1,1,1,0,0,32
1,83,41.6875,2,1,0,0,0,47
1,0,27.6875,0,0,0,0,0,47
1,51,40.6875,1,0,0,0,0,26
1,77,42.3125,4,0,0,0,0,39
1,0,32.6875,1,2,0,0,0,52
1,169,48.0625,2,1,1,0,0,23
1,4,37.75,0,0,0,0,0,26
0,0,19.125,0,0,0,0,0,55
1,200,49.125,0,0,0,0,0,23
1,0,28.125,0,0,0,0,0,45
1,0,35.9375,0,0,0,0,0,26
0,0,20,0,0,0,0,0,30
1,95,39.9375,0,0,0,0,0,27
1,90,43.125,1,0,0,0,0,28
1,0,35.6875,0,1,0,0,0,35
1,92,43.25,3,0,0,0,0,25
1,78,42.375,3,0,0,0,0,35
1,0,29.125,1,0,0,0,0,42
1,0,33.6875,0,1,0,0,0,44
1,0,25.125,0,0,0,0,0,47
0,0,11.75,0,0,0,0,0,29
1,42,38.625,3,0,1,0,0,38
1,161,47.5625,0,0,1,0,0,29
1,0,26.1875,0,0,0,0,0,39
1,11,35.5625,0,1,0,0,0,35
1,0,32.25,0,0,0,0,0,40
1,65,40.75,1,1,0,0,0,24
1,51,40.6875,0,1,0,0,0,24
1,84,42.75,1,0,1,0,0,33
1,0,31.125,0,0,1,0,0,57
0,0,7.75,0,0,0,0,0,23
1,143,45.625,2,0,0,0,0,40
1,173,45.6875,0,1,0,0,0,28
0,0,22.375,0,0,0,0,0,52
1,0,30.3125,0,0,0,0,0,54
1,80,40.75,0,0,0,0,0,25
1,145,46.5625,0,0,0,0,0,19
1,0,34.125,0,0,0,0,0,36
0,0,23.125,0,1,0,0,0,57
1,0,29.3125,1,0,0,0,0,53
0,0,12.5,0,0,0,0,0,25
0,0,12.5,0,0,0,0,0,20
1,107,44.1875,1,0,0,0,0,27
1,0,32.6875,0,1,0,0,0,40
1,0,32.375,0,0,0,0,0,44
1,0,29.6875,0,0,0,0,0,44
1,0,37.25,5,0,0,0,0,32
1,30,39.375,0,0,0,0,0,28
1,157,47.3125,0,0,0,0,0,32
0,0,23.125,0,0,0,0,0,48
1,6,37,0,0,0,0,0,26
1,183,48.9375,1,1,0,0,0,27
1,0,31.375,0,0,0,0,0,45
1,175,46.9375,0,0,0,0,0,42
1,120,45,0,0,0,0,0,27
1,71,41.9375,0,0,0,0,0,29
1,5,37.8125,0,1,0,0,0,28
1,119,44.1875,2,0,0,0,0,25
0,0,22.375,0,0,0,0,0,49
0,0,20.4375,1,1,0,0,0,43
1,184,48,0,0,1,0,0,37
1,92,43.25,1,1,1,0,0,19
1,139,46.1875,2,0,0,0,0,31
1,142,46.375,3,0,1,0,0,32
1,92,42.25,0,0,0,0,0,32
1,80,42.5,2,0,0,0,0,30
0,0,12.5,0,0,0,0,0,26
1,0,33.5,0,0,0,0,0,51
1,0,34,0,1,0,0,0,37
1,88,43,2,0,0,0,0,24
1,131,45.6875,0,0,0,0,0,40
1,59,40.375,4,1,0,0,0,30
1,0,33.8125,1,1,0,0,0,25
0,0,10.3125,1,0,0,0,0,23
1,16,38.5,2,0,0,0,0,26
1,24,36.6875,0,2,0,0,0,26
1,0,36.6875,0,1,0,0,0,28
1,0,36.5625,0,0,1,0,0,26
1,145,44.1875,0,0,0,0,0,39
1,0,27.4375,0,0,0,0,0,34
1,32,39.5,0,0,0,0,0,39
0,0,18.875,0,0,0,0,0,47
1,53,40.8125,0,0,0,0,0,26
1,0,25.25,2,0,1,0,0,46
1,99,42.875,1,0,0,0,0,24
0,0,11.0625,0,0,0,0,0,19
0,0,14.1875,0,0,0,0,0,25
1,144,46.5,1,1,0,0,0,29
0,0,23.625,0,0,0,0,0,46
1,149,45.3125,0,1,1,0,0,32
1,66,40.625,0,0,0,0,0,24
1,102,43,3,0,0,0,0,34
1,115,44.6875,2,2,0,0,0,36
1,69,41.8125,0,0,1,0,0,31
1,161,47.5625,2,2,0,0,0,28
1,167,47.0625,0,0,0,0,0,26
1,119,44.9375,0,0,1,0,0,30
1,0,32.875,0,0,0,0,0,43
1,79,42.4375,2,0,0,0,0,30
1,181,48.8125,1,1,0,0,0,25
1,77,41.8125,2,1,0,0,0,26
1,0,32.0625,0,0,0,0,0,34
1,81,41.5625,1,1,0,0,0,25
1,0,28.625,0,1,0,0,0,41
1,113,42.75,0,1,0,0,0,31
1,71,40.125,0,0,0,0,0,27
1,0,25.75,0,0,0,0,0,43
1,116,44.75,0,0,0,0,0,26
0,0,24.3125,0,0,0,0,0,55
1,23,38.9375,2,1,0,0,0,28
1,107,43.6875,1,1,0,0,0,26
1,39,39.9375,0,0,0,0,0,26
1,200,50,1,1,1,0,0,29
0,0,8.9375,0,0,0,0,0,28
1,74,42.125,0,1,0,0,0,28
0,0,20.625,0,0,0,0,0,46
1,0,26.875,0,0,0,0,0,49
0,0,17.1875,0,0,0,0,0,35
1,104,44,1,1,0,0,0,35
0,0,23.8125,0,0,0,0,0,41
1,0,27.375,1,0,0,0,0,42
1,0,31.6875,0,0,0,0,0,43
0,0,12.5,0,0,0,0,0,27
1,91,41.4375,0,1,1,0,0,27
1,135,45.125,2,0,0,0,0,33
1,0,35.125,0,1,0,0,0,36
1,93,42.5,2,0,0,0,0,27
1,95,43.4375,1,0,1,0,0,37
1,65,41.5625,1,1,0,0,0,38
1,38,39.0625,3,0,0,0,0,28
1,88,41.5,1,2,1,0,0,26
0,0,22.8125,0,1,0,0,0,40
1,61,41.3125,0,0,0,0,0,24
1,0,26.0625,4,1,0,0,0,42
0,0,12.125,0,0,0,0,0,25
1,117,44.8125,2,0,0,0,0,27
1,118,44.875,0,0,0,0,0,44
1,112,44.5,4,1,0,0,0,35
1,0,31.875,0,1,0,0,0,41
1,72,42,3,0,0,0,0,39
1,0,31.9375,0,0,1,0,0,36
1,27,37.4375,0,1,0,0,0,24
0,0,22.125,0,0,0,0,0,70
1,0,29.25,2,0,0,0,0,44
0,0,13.5,2,0,0,0,0,28
1,28,39.25,1,0,0,0,0,24
1,0,26.9375,0,0,1,0,0,38
1,153,46.25,0,0,0,0,0,39
0,0,23.5625,1,0,0,0,0,40
0,0,21.25,0,0,0,0,0,40
0,0,11.875,0,0,0,0,0,37
1,0,30.625,0,0,0,0,0,48
1,78,41.5,0,1,0,0,0,24
0,0,24.875,0,0,0,0,0,47
1,84,42.75,2,0,0,0,0,36
1,15,38.4375,1,0,0,0,0,27
0,0,19.4375,2,0,0,0,0,37
0,0,17.125,0,0,0,0,0,33
1,59,40.3125,0,1,0,0,0,21
1,86,42.875,1,0,0,0,0,37
0,0,20.6875,0,0,0,0,0,42
1,143,45.625,0,1,0,0,0,30
1,175,48.4375,2,0,0,0,0,34
1,116,44.0625,0,1,0,0,0,21
0,0,23.25,0,0,0,0,0,42
0,0,24.875,0,1,0,0,0,40
1,0,28,0,0,0,0,0,38
1,29,39.3125,0,0,0,0,0,25
0,0,20,0,0,0,0,0,43
1,200,49.25,2,0,0,0,0,27
0,0,22.6875,0,0,0,0,0,39
1,0,28.1875,2,0,0,0,0,54
1,0,28.0625,0,0,0,0,0,47
1,140,44.4375,0,0,0,0,0,29
1,0,31.75,0,0,0,0,0,45
1,52,38.4375,0,0,0,0,0,46
1,132,45.75,1,1,0,0,0,31
1,97,42.5625,0,1,0,0,0,27
0,0,22.9375,0,0,0,0,0,47
0,0,24.5,0,1,0,0,0,45
1,0,32.125,1,1,0,0,0,35
1,0,33.125,0,0,0,0,0,45
1,0,30.8125,0,0,1,0,0,42
1,0,35.1875,0,1,0,0,0,26
1,121,44.4375,0,1,0,0,0,28
1,36,39.25,2,1,0,0,0,39
1,67,40,0,1,0,0,0,29
1,0,29.9375,0,1,0,0,0,44
1,0,36.5625,0,1,0,0,0,37
0,0,22.1875,0,0,0,0,0,43
1,0,27.4375,2,1,0,0,0,56
1,0,30.3125,0,1,0,0,0,36
1,0,27.5625,0,0,0,0,0,46
1,0,29.8125,0,1,0,0,0,43
0,0,11.875,0,0,0,0,0,26
1,133,43.8125,0,1,0,0,0,28
1,200,49,1,1,1,0,1,29
1,0,31.9375,1,0,0,0,0,49
1,0,27.25,0,0,0,0,0,49
0,0,17.3125,0,0,1,0,0,40
1,172,48.25,3,1,0,0,0,41
1,83,42.6875,0,0,0,0,0,29
1,12,38.25,2,1,0,0,0,25
1,114,43.8125,2,0,0,0,0,45
1,102,43,0,0,0,0,0,23
0,0,23.25,0,0,1,0,0,43
0,0,21.125,0,0,0,0,0,46
1,0,29.0625,1,0,1,0,0,41
1,28,39.25,3,0,0,0,0,28
1,0,34.1875,0,0,0,0,0,39
1,164,46.0625,0,0,0,0,0,33
1,51,40.4375,4,1,0,0,0,28
1,104,44,2,0,1,0,0,25
1,23,38.9375,0,0,0,0,0,36
0,0,24.625,0,0,0,0,0,46
0,0,13.5,0,0,0,0,0,26
1,86,42.875,1,0,0,0,0,35
1,108,44.25,0,1,1,0,0,40
1,0,30.25,0,0,0,0,0,43
1,0,30.1875,0,1,0,0,0,42
1,0,32.6875,0,0,0,0,0,36
1,0,32.375,1,0,0,0,0,42
1,0,34.375,2,0,0,0,0,38
1,115,42.625,2,1,0,0,0,35
1,0,35.3125,0,0,0,0,0,39
0,0,18.625,0,0,0,0,0,43
1,0,35.0625,0,0,0,0,0,38
1,132,45.75,1,2,0,0,0,19
0,0,20.875,0,0,0,0,0,46
1,146,46.625,0,0,0,0,0,27
1,0,28.75,0,1,0,0,0,39
1,0,29.8125,1,1,1,0,0,44
1,100,42.875,0,1,0,0,0,25
0,0,6.25,0,0,0,0,0,22
1,128,45.375,1,1,1,0,0,30
1,108,44.25,1,0,0,0,0,27
1,0,31.5625,0,2,0,0,0,42
1,149,46,0,0,0,0,0,29
1,90,43.125,1,1,0,0,0,25
1,0,30,0,0,0,0,0,44
0,0,19.4375,0,1,0,0,0,46
1,107,42.75,0,0,0,0,0,23
1,0,31.5625,2,0,0,1,0,49
0,0,12.125,1,0,0,0,0,25
1,97,42.75,1,0,0,0,0,30
1,0,31.8125,1,1,0,0,0,44
1,0,27.3125,0,0,0,0,0,42
1,184,49,2,0,0,1,0,31
1,0,31.5,0,1,0,0,0,47
1,10,38.125,0,1,0,0,0,21
0,0,21.5,0,0,0,0,0,43
0,0,8.4375,0,0,0,0,0,25
0,0,16.4375,3,1,0,0,0,49
1,0,36.375,0,1,0,0,0,32
1,158,47.375,1,0,0,0,0,28
1,0,31.4375,0,1,0,0,0,44
1,0,35.125,0,0,1,0,0,31
1,121,45.0625,1,1,0,0,0,26
1,90,43.125,0,0,0,0,0,25
1,110,44.375,2,0,0,0,0,32
1,0,32.75,0,0,0,0,0,40
1,0,29.4375,0,0,0,0,0,40
1,91,43.1875,1,2,1,0,0,31
0,0,22.375,0,0,0,0,0,38
1,128,45.5,0,2,0,0,0,31
1,74,42.125,0,1,0,0,0,28
1,0,31.25,0,0,0,0,0,41
1,0,32.9375,0,0,0,0,0,29
1,0,27.625,0,0,0,0,0,45
0,0,10.6875,0,1,0,0,0,20
1,120,41.9375,0,1,1,0,0,27
1,16,38.5,0,1,0,0,0,27
1,91,43.1875,1,1,0,0,0,23
1,74,40.3125,0,0,0,0,0,33
0,0,14.5,0,0,0,0,0,27
1,185,48.0625,0,3,0,0,0,30
1,6,37.875,1,0,0,0,0,27
1,0,34.1875,0,0,0,0,0,51
1,52,38.5625,1,0,0,1,0,28
1,107,43.3125,0,0,0,0,0,29
0,0,4.75,0,0,0,0,0,22
1,0,28.5,0,0,0,0,0,44
1,0,27.3125,0,0,0,0,0,44
1,187,48.375,0,0,1,0,0,32
1,121,44.0625,0,0,1,0,0,24
1,132,45.75,2,1,0,0,0,29
1,53,40.8125,0,1,0,0,0,23
0,0,19.625,0,0,0,0,0,46
0,0,13.4375,1,0,0,0,0,39
0,0,20.625,0,0,0,0,0,39
1,0,27.625,1,0,0,0,0,63
1,171,45.6875,0,0,1,0,0,39
1,0,31.4375,0,1,0,0,0,39
0,0,10.375,1,0,0,0,0,27
0,0,11.5625,0,1,0,0,0,27
1,0,27.6875,2,0,0,0,0,46
1,107,44.1875,1,1,0,0,0,37
1,79,41.5625,1,1,0,0,0,25
1,65,41.5625,0,0,0,0,0,28
1,0,25.875,3,0,0,0,0,44
0,0,16.0625,0,0,0,0,0,40
1,101,43.8125,1,2,1,0,0,41
1,174,46.125,3,1,1,1,0,43
0,0,21.8125,1,1,0,0,0,58
0,0,12.4375,0,1,0,0,0,18
1,0,30.125,0,1,0,0,0,45
1,148,46.75,0,0,0,0,0,20
1,33,39.5625,3,0,0,0,0,26
1,0,32.625,0,1,0,0,0,36
1,130,45.625,0,0,0,0,0,31
1,0,34.4375,1,0,0,0,0,45
0,0,12.0625,0,0,0,0,0,24
1,23,38.9375,0,0,0,0,0,22
1,68,41.75,1,1,1,0,0,25
1,65,41.5625,0,0,0,0,0,24
1,176,47.75,0,0,1,0,0,23
1,0,27.5,0,0,2,0,0,43
1,120,42.625,0,0,0,0,0,22
1,0,29.75,0,1,0,0,0,44
1,0,30.4375,0,0,0,0,0,47
1,0,25.9375,0,0,0,0,0,52
1,53,40.8125,1,1,0,0,0,28
1,163,47.6875,1,1,0,0,0,28
0,0,20.1875,0,0,0,0,0,42
1,0,34.9375,0,0,0,0,0,25
1,0,30.1875,2,0,0,0,0,39
1,0,31.375,0,1,0,0,0,37
1,0,32.375,0,0,0,0,0,35
0,0,10.1875,0,0,0,0,0,20
