Victory,Remaining HP,Reward,Times Healed Ally,Times Coordinated Stuns,Times Coordinated Blinds
0,200,0,0,0,0
1,200,50,0,0,0
1,141,46.3125,0,2,0
1,87,42.9375,1,0,0
1,4,34.875,0,0,0
1,146,46.625,2,2,0
1,18,38.625,0,0,0
1,72,42,1,1,0
1,83,42.6875,0,0,0
1,90,43.125,0,0,0
1,7,37.9375,0,0,0
1,76,42,2,0,0
1,24,39,2,1,0
1,86,42.875,0,2,0
1,72,41.5,1,0,0
1,36,39.75,0,0,0
1,137,46.0625,0,1,0
1,131,45.6875,0,1,1
1,25,39.0625,0,1,0
1,148,46.75,0,0,0
1,42,40.125,0,1,0
1,116,41.5625,0,0,0
1,86,42.875,0,0,0
1,157,47.3125,0,1,1
1,0,37.5,1,0,0
1,115,44.6875,0,1,0
1,0,35.5625,0,1,0
1,98,43.625,0,0,0
1,61,37,0,0,0
1,139,46.1875,0,1,0
1,63,40.4375,0,0,0
1,93,43.3125,0,0,0
1,167,47.9375,1,0,0
1,83,42.6875,0,1,0
1,162,47.625,0,0,0
1,22,38.875,1,0,0
1,48,36.125,0,1,0
1,118,36.6875,0,1,0
1,187,49.1875,1,1,1
1,67,41.6875,1,2,0
1,0,36,0,0,0
1,92,43.25,0,0,0
1,187,49.1875,1,1,0
1,92,43.25,0,0,0
1,140,43.8125,0,1,0
1,24,38.5625,0,0,0
1,76,42.25,1,0,1
1,48,40.5,2,0,0
1,168,48,0,0,0
1,45,40.3125,0,1,1
1,59,41.1875,0,0,0
1,120,45,0,0,0
1,144,40.625,0,0,0
1,141,46.3125,1,2,0
1,0,32.625,0,1,0
1,0,29.5625,0,0,0
1,101,43.8125,1,0,0
1,200,50,0,0,0
1,79,42.4375,0,1,0
1,119,38.0625,0,0,0
1,0,32.5625,0,0,0
1,131,45.6875,0,1,1
1,119,44.9375,0,1,0
1,147,46.6875,0,0,0
1,88,43,0,0,0
1,180,47.0625,0,0,0
1,46,37,0,0,0
1,85,42.8125,0,0,0
1,30,34.125,0,1,0
1,131,45.6875,0,0,0
1,156,47,1,0,0
1,46,40.375,0,2,0
1,112,41.125,0,0,0
1,92,43.25,0,0,1
1,0,31.625,0,0,0
1,78,42.375,1,1,1
1,35,38.25,0,0,0
1,103,43.9375,0,1,0
1,116,44.75,0,0,0
1,200,48,0,0,0
1,156,47.25,0,1,0
1,145,46.5625,0,2,0
1,36,39.75,0,1,0
1,157,47.3125,0,1,1
1,84,41.75,0,1,0
1,70,41.875,0,1,0
1,81,37.25,0,0,1
1,22,38.875,1,1,0
1,97,43.5625,0,0,0
1,119,44.9375,0,0,0
1,157,47.3125,0,0,0
1,79,42.4375,0,0,0
1,82,42.625,1,0,0
1,0,35.5625,0,0,0
1,0,35,0,0,0
1,74,42.125,0,1,0
1,0,31.3125,0,0,0
1,185,49.0625,0,1,0
1,79,38,0,1,1
1,80,36.25,0,0,0
1,143,46.4375,0,2,0
1,136,46,0,0,0
1,129,45.5625,0,1,0
1,61,41.3125,2,0,0
1,60,41.25,0,1,0
1,94,43.375,1,0,0
1,135,45.9375,0,0,0
1,0,35.125,3,0,1
1,196,49.75,1,1,0
1,40,40,0,0,0
1,112,44.5,1,1,0
1,81,42.5625,0,0,0
1,77,42.3125,0,2,0
1,154,47.125,0,1,0
1,0,34.5,0,0,1
1,46,40.375,0,1,0
1,82,42.625,1,3,1
1,114,44.625,0,0,0
1,128,45.5,0,0,0
1,81,42.5625,0,0,0
1,66,41.625,0,0,0
1,58,39.125,0,0,1
1,96,43.5,0,0,0
1,121,45.0625,0,0,0
1,117,44.8125,1,0,0
1,0,32.125,0,0,0
1,115,44.6875,0,0,0
1,158,44.125,0,0,0
1,103,43.9375,0,0,1
1,173,44.875,0,0,0
1,1,37.5625,3,0,0
1,64,41.5,0,1,0
1,43,40.1875,0,0,0
1,200,50,0,0,0
1,117,44.8125,0,0,0
1,126,45.375,1,0,0
1,115,44.6875,0,0,0
1,71,41.9375,0,0,0
1,67,41.6875,0,0,0
1,46,40.375,0,1,0
1,96,43.5,1,1,0
1,105,44.0625,1,0,0
1,0,27.5625,0,0,0
1,55,39.9375,0,0,0
1,200,43.5,0,0,1
1,93,43.3125,0,0,0
1,82,42.625,1,1,0
1,94,43.375,1,0,0
1,141,46.3125,0,1,0
1,180,48.75,0,0,0
1,125,44.3125,0,0,0
1,30,39.375,0,0,0
1,64,41.5,0,1,0
1,56,41,0,1,0
1,80,42.5,0,0,0
1,141,46.3125,0,1,0
1,119,44.9375,0,0,0
1,73,42.0625,0,0,0
1,104,44,0,0,0
1,0,30.125,0,0,0
1,100,43.75,0,3,0
1,90,42.1875,0,1,0
1,0,29.4375,0,0,0
1,113,44.5625,0,1,0
1,130,45.625,0,1,0
1,0,36.0625,0,1,0
1,108,44.25,0,1,0
1,101,43.8125,1,2,0
1,151,46.9375,1,2,0
1,35,39.6875,0,0,0
1,98,39.75,0,0,0
1,73,42.0625,0,0,0
1,53,40.8125,0,0,0
1,147,46.6875,0,0,0
1,47,40.4375,0,0,0
1,103,43.9375,2,1,0
1,44,40.25,0,2,0
1,161,47.5625,0,2,0
1,132,45.75,0,1,0
1,182,48.875,2,1,0
1,56,41,0,0,0
1,0,34,0,0,0
1,137,46.0625,1,1,0
1,127,45.4375,0,0,0
1,118,44.875,0,0,0
1,123,44.1875,0,0,0
1,104,44,0,0,0
1,158,47.375,0,0,0
1,42,40.125,0,0,0
1,172,48.25,0,1,0
1,28,38.8125,1,1,1
1,118,43.9375,0,1,0
1,184,49,0,1,0
1,132,45.75,0,0,0
1,152,47,0,1,0
1,114,44.625,0,1,0
1,93,43.3125,0,0,0
1,75,40.3125,0,0,0
1,161,47.5625,1,0,0
1,0,34.5625,0,1,0
1,119,44.9375,0,0,0
1,51,40.6875,0,0,0
1,0,35,0,0,0
1,136,46,0,1,0
1,96,43.5,0,1,0
1,125,45.3125,0,1,0
1,104,44,0,1,0
1,106,44.125,0,0,0
1,53,40.8125,0,0,0
1,31,39.4375,0,0,0
1,0,34.0625,0,0,0
1,156,47.25,1,1,0
1,145,46.5625,0,0,0
1,86,42.875,0,1,0
1,154,47.125,0,0,0
1,140,46.25,0,1,0
1,2,37.625,0,0,0
1,63,41.4375,0,1,0
1,41,40.0625,0,1,0
1,0,31.5,0,0,0
1,60,41.25,2,1,0
1,109,44.3125,0,1,0
1,0,30.1875,0,1,0
1,16,38.5,0,0,0
1,39,39.9375,0,1,0
1,177,48.5625,0,1,0
1,188,49.25,0,0,0
1,134,33.375,0,1,0
1,122,38.875,0,1,1
1,96,43.5,0,2,0
1,122,45.125,0,0,0
1,99,43.6875,0,0,1
1,114,44.625,0,1,0
1,119,44.9375,0,0,0
1,0,34.125,0,1,0
1,67,41.6875,2,0,0
1,44,40.25,0,0,0
1,29,39.3125,2,0,0
1,93,43.3125,0,1,0
1,165,46.875,0,0,0
1,142,46.375,0,0,0
1,119,44.9375,0,1,1
1,43,40.1875,0,0,0
1,39,39.9375,1,1,0
1,0,34.0625,0,0,0
1,0,30.75,0,0,0
1,127,45.4375,0,0,0
1,108,44.25,0,1,0
1,200,45.375,1,0,0
1,74,42.125,0,0,0
1,0,34.0625,0,1,0
1,83,42.6875,0,0,0
1,101,43.8125,0,0,0
1,172,48.25,1,1,0
1,55,40.1875,0,0,0
1,3,37.6875,1,0,0
1,145,46.5625,1,1,0
1,171,41.375,0,1,1
1,51,39.6875,0,2,1
1,76,42.25,0,1,0
1,0,37.5,2,0,0
1,179,41.5,0,0,0
1,163,47.4375,0,0,0
1,172,48.25,0,2,0
1,0,37.5,0,0,0
1,84,42.75,0,0,0
1,50,39.6875,0,0,0
1,116,44.75,0,0,1
1,123,45.1875,0,1,0
1,196,49.75,1,0,0
1,0,34.125,0,0,0
1,157,47.3125,0,1,0
1,11,38.1875,1,0,0
1,21,36,0,1,0
1,174,48.375,1,1,0
1,52,40.75,0,1,0
1,28,37.75,0,1,0
1,126,45.375,2,1,0
1,0,35.3125,0,0,0
1,0,28.1875,0,0,0
1,188,49.25,1,1,0
1,49,40.5625,0,1,0
1,78,42.375,0,0,0
1,140,46.25,0,0,0
1,97,40.625,0,0,1
1,105,44.0625,2,0,0
1,165,47.8125,1,1,0
1,155,47.1875,0,0,1
1,51,40.6875,0,1,0
1,88,43,0,0,0
1,149,46.8125,0,1,0
1,162,47.625,0,0,0
1,90,43.125,0,0,0
1,160,47.5,1,1,0
1,100,43.75,0,0,0
1,96,43.5,1,1,0
1,59,41.1875,1,1,0
1,14,37.375,0,1,0
1,52,40.75,0,2,0
1,39,39,0,1,0
1,0,37.5,2,1,0
1,98,43.625,0,2,0
1,131,45.6875,0,2,0
1,86,42.875,0,0,0
1,49,40.5625,0,0,1
1,90,43.125,1,0,0
1,77,42.3125,0,1,0
1,59,41.1875,0,1,0
1,154,47.125,0,1,0
1,96,41.5,0,0,0
1,43,40.1875,0,2,0
1,131,45.6875,0,0,0
1,78,42.375,0,1,0
1,177,48.5625,0,0,0
1,139,46.1875,0,1,0
1,60,38.875,0,0,0
1,23,38.9375,0,1,0
1,69,41.8125,1,0,0
1,125,45.3125,0,1,0
1,161,47.5625,2,0,0
1,133,45.8125,0,0,0
1,73,40.5625,0,1,0
1,0,33.625,0,1,0
1,69,41.8125,0,1,0
1,40,40,2,0,0
1,148,40.125,1,0,0
1,93,43.3125,0,1,0
1,139,46.1875,1,1,0
1,45,40.3125,0,2,0
1,54,40.875,2,0,0
1,72,42,0,0,0
1,91,43.1875,0,1,0
1,200,50,0,0,0
1,91,39.875,0,0,0
1,0,35.5625,0,1,0
1,69,40.875,0,0,0
1,180,48.75,1,0,0
1,16,38.5,0,0,0
1,0,31.3125,0,0,0
1,16,38.5,0,1,0
1,200,50,0,1,0
1,100,43.75,1,1,0
1,145,46.5625,2,0,0
1,93,43.3125,0,1,0
1,61,40.8125,0,1,0
1,114,44.625,1,0,0
1,0,34.0625,0,0,0
1,200,50,0,0,0
1,111,44.4375,0,0,0
1,81,40.125,0,1,0
1,44,40.25,0,0,0
1,111,44.4375,1,0,0
1,184,49,0,1,0
1,85,42.8125,0,0,0
1,84,42.75,0,0,0
1,63,41.4375,1,1,0
1,58,41.125,0,0,0
1,10,38.125,0,1,0
1,85,42.8125,0,2,0
1,106,42.625,1,0,0
1,132,45.75,0,1,1
1,21,38.8125,0,0,0
1,94,43.375,0,0,0
1,117,44.8125,3,2,0
1,119,44.9375,1,1,0
1,83,37.25,0,1,0
1,185,49.0625,0,0,0
1,119,44.9375,1,0,1
1,0,35.5,0,0,0
1,0,36.5,0,0,0
1,200,50,0,1,0
1,30,38.375,0,0,0
1,0,31.8125,0,0,0
1,13,35.8125,0,0,0
1,143,46.4375,0,1,0
1,29,38.375,0,0,1
1,104,44,0,1,0
1,97,43.5625,0,0,0
1,115,44.6875,0,0,0
1,169,48.0625,0,0,0
1,100,43.75,0,1,1
1,148,46.75,0,0,0
1,140,46.25,0,0,0
1,139,46.1875,0,0,0
1,90,43.125,1,1,0
1,67,41.6875,0,1,0
1,117,44.8125,0,1,0
1,44,39.4375,0,1,0
1,63,41.4375,0,0,0
1,96,43.5,0,1,0
1,160,47.5,0,2,0
1,89,43.0625,0,0,0
1,10,33.75,0,0,0
1,64,40.75,0,0,1
1,197,44.9375,0,0,0
1,101,43.8125,1,1,0
1,139,46.1875,0,0,1
1,152,47,0,0,0
1,109,38.9375,0,1,0
1,132,45.75,0,1,0
1,83,41.75,1,1,1
1,110,44.375,0,0,0
1,97,43.5625,0,0,1
1,93,40.875,0,1,0
1,139,46.1875,0,0,0
1,70,41.875,0,1,0
1,96,43.5,0,0,0
1,75,42.1875,1,0,0
1,12,38.25,0,0,0
1,122,45.125,0,1,0
1,0,33.8125,0,0,0
1,130,45.625,2,0,0
1,79,42.4375,0,1,0
1,76,42.25,0,1,0
1,175,48.4375,1,0,0
1,192,49.5,0,0,0
1,186,38.375,0,0,0
1,84,41.75,0,1,0
1,31,39.4375,0,0,0
1,7,37.9375,1,0,1
1,180,48.75,0,1,0
1,196,49.75,0,1,0
1,82,41.6875,0,1,0
1,0,34.0625,0,0,0
1,146,44.6875,1,1,0
1,175,48.4375,0,0,1
1,160,46,0,0,0
1,38,37.4375,0,0,0
1,121,45.0625,0,1,0
1,62,41.375,0,1,0
1,158,47.375,0,1,0
1,75,40.1875,0,2,0
1,0,32.6875,0,0,0
1,127,43.9375,0,1,0
1,0,35.875,0,0,0
1,65,41.5625,0,1,0
1,35,39.6875,2,1,0
1,11,35.6875,0,1,1
1,78,40.125,0,1,0
1,68,38.75,0,0,1
1,115,44.6875,0,1,0
1,76,42.25,0,1,0
1,167,47.9375,0,0,0
1,80,41.5625,0,0,0
1,69,41.8125,0,2,0
1,64,41.5,0,0,0
1,103,43.9375,0,2,0
1,10,38.125,2,1,0
1,168,48,0,1,0
1,16,38.5,0,2,0
1,91,43.1875,1,0,0
1,170,48.125,2,1,0
1,44,40.25,0,0,1
1,34,39.625,0,0,0
1,35,39.6875,0,0,0
1,0,31.75,0,1,1
1,78,42.375,0,0,0
1,109,44.3125,0,1,0
1,82,40.625,0,0,0
1,47,40.4375,0,0,0
1,98,43.625,0,1,0
1,157,47.3125,1,0,0
1,68,41.75,2,0,0
1,179,45.8125,0,0,1
1,163,47.6875,2,0,0
1,134,45.875,0,0,0
1,30,37.4375,0,1,1
1,130,45.625,0,0,0
1,66,41.625,1,0,0
1,90,43.125,0,0,0
1,96,43.5,2,1,0
1,196,49.75,0,0,0
1,192,48.0625,0,0,0
1,42,39.125,0,0,0
1,54,40.875,0,0,0
1,164,47.75,0,1,0
1,0,36.5625,0,1,0
1,80,42.5,1,2,1
1,48,40.5,0,0,0
1,160,47.5,0,0,0
1,130,45.625,1,0,0
1,93,43.3125,1,0,0
1,61,41.3125,1,1,0
1,181,48.8125,0,1,0
1,183,46.9375,0,1,0
1,158,47.375,0,1,0
1,0,33.125,0,0,0
1,111,43.5,0,1,0
1,68,41.75,0,1,0
1,100,43.75,0,0,1
1,117,44.8125,0,1,0
1,172,48.25,0,1,0
1,53,40.8125,0,2,0
1,0,36.5625,0,0,0
1,55,40.9375,0,3,0
1,82,42.625,0,0,0
1,138,37.4375,0,1,0
1,110,44.375,0,0,0
1,79,42.4375,0,0,0
1,92,43.25,0,0,0
1,52,40.75,0,0,0
1,73,42.0625,2,1,0
1,172,48.25,0,1,0
1,61,41.3125,0,2,1
1,0,31.3125,1,1,0
1,35,39.6875,0,1,0
1,65,41.5625,0,0,0
1,157,47.3125,0,0,0
1,71,41.9375,0,0,0
1,41,40.0625,0,0,0
1,101,42.3125,0,0,0
1,171,48.1875,0,0,0
1,83,42.6875,0,0,0
1,157,47.3125,0,1,0
1,148,46.75,0,0,0
1,8,34.5,0,0,0
1,61,41.3125,0,1,0
1,118,43.9375,0,1,0
1,90,43.125,1,1,0
1,0,30.1875,0,0,0
1,165,43.4375,0,0,0
1,85,42.8125,0,1,0
1,144,43.125,0,2,0
1,150,45.9375,0,0,0
1,125,43.5625,0,1,0
1,94,43.375,0,0,1
1,108,44.25,0,1,0
1,13,38.3125,1,0,0
1,37,39.8125,0,0,0
1,93,43.3125,0,0,0
1,53,40.8125,0,0,1
1,61,41.3125,0,1,0
1,111,44.4375,1,0,0
1,127,45.4375,0,2,0
1,124,45.25,0,1,0
1,153,45.625,1,1,0
1,150,46.875,0,1,0
1,50,40.625,0,1,0
1,87,42.9375,0,1,0
1,77,42.3125,0,1,0
1,103,43.9375,1,0,0
1,131,45.6875,0,2,1
1,30,39.375,1,1,0
1,0,31.6875,0,1,0
1,196,49.75,0,3,0
1,122,45.125,1,1,0
1,61,41.3125,0,1,1
1,52,40.75,1,2,1
1,39,39.9375,1,0,0
1,173,48.3125,0,1,0
1,90,43.125,0,1,0
1,135,45.9375,0,1,0
1,196,49.75,0,0,0
1,0,32.5625,0,0,0
1,45,40.3125,0,1,0
1,0,30.5,0,0,0
1,200,50,0,1,0
1,22,38.875,0,0,0
1,150,46.875,0,0,0
1,136,46,0,0,0
1,178,48.625,1,0,0
1,84,42.75,0,0,0
1,11,38.1875,0,0,0
1,21,36.875,0,1,1
1,84,42.75,0,0,0
1,169,44.625,1,0,0
1,180,48.75,0,1,0
1,50,39.625,0,0,0
1,65,41.5625,0,0,0
1,138,46.125,0,0,0
1,115,44.6875,1,1,0
1,74,42.125,0,1,0
1,0,32.625,0,0,0
1,113,44.5625,1,1,0
1,133,45.8125,1,2,0
1,29,39.3125,0,1,0
1,31,39.4375,0,1,1
1,118,44.875,0,1,0
1,77,42.3125,0,0,0
1,98,43.625,0,1,0
1,0,31.6875,0,0,0
1,46,39.9375,0,0,1
1,78,42.375,0,1,2
1,133,45.5625,0,0,0
1,162,47.625,1,2,0
1,162,47.625,1,0,0
1,58,41.125,0,1,0
1,34,39.625,0,0,0
1,200,46.125,0,1,0
1,146,46.625,0,1,0
1,141,46.3125,0,0,0
1,141,46.3125,0,0,0
1,82,42.625,0,0,0
1,46,40.375,0,0,0
1,59,41.1875,0,1,0
1,149,38,0,0,0
1,9,37.8125,0,1,0
1,128,45.5,0,2,0
1,5,37.0625,0,2,0
1,57,37.25,0,0,0
1,24,39,1,0,0
1,133,45.8125,0,1,0
1,128,45.5,0,0,0
1,184,47.0625,0,1,0
1,86,39.5,0,0,0
1,119,44.9375,1,0,0
1,99,43.6875,0,1,0
1,138,46.125,0,2,0
1,0,33.0625,0,0,0
1,10,30.75,0,0,0
1,0,32.25,0,0,0
1,89,43.0625,0,2,1
1,105,44.0625,0,0,0
1,0,31.625,0,1,0
1,149,46.8125,0,0,0
1,91,43.1875,0,0,0
1,0,37.5,2,0,0
1,101,43.8125,0,0,0
1,176,48.5,0,0,0
1,123,44.25,0,1,1
1,117,44.8125,3,0,0
1,115,44.6875,0,0,0
1,24,39,0,2,0
1,119,44.9375,3,0,0
1,77,39.5,0,0,0
1,172,48.25,0,1,0
1,0,34.25,0,0,0
1,0,34.1875,1,0,0
1,109,40.9375,0,1,1
1,72,42,0,0,0
1,155,46.25,0,1,0
1,0,34.125,0,0,0
1,54,40.875,0,0,0
1,66,39.375,0,1,0
1,46,40.375,0,1,0
1,93,43.3125,0,1,0
1,17,37.625,1,2,0
1,50,40.625,0,0,0
1,133,45.8125,0,1,0
1,85,42.5,1,1,0
1,60,35.9375,0,1,0
1,126,45.375,3,1,0
1,46,40.375,0,0,0
1,7,37.9375,0,1,0
1,76,42.25,0,0,0
1,73,42.0625,0,0,0
1,48,39.5,0,0,0
1,0,36,0,0,0
1,52,40.75,0,2,0
1,97,41.875,0,0,0
1,70,41.875,0,0,0
1,123,45.1875,0,2,0
1,170,48.125,0,1,0
1,61,41.3125,0,1,0
1,73,42.0625,0,0,0
1,184,48.75,0,0,0
1,47,40.4375,0,1,0
1,7,35.125,0,0,0
1,133,44.8125,0,1,0
1,149,46.0625,0,1,0
1,79,42.4375,0,0,0
1,0,36.1875,0,1,0
1,108,44.25,0,0,0
1,0,33.125,2,1,0
1,9,35.6875,1,0,0
1,59,41.1875,1,0,0
1,153,47.0625,0,0,0
1,61,41.3125,2,1,0
1,0,35.5,0,0,0
1,109,44.3125,0,0,0
1,53,40.8125,0,0,0
1,200,49.5,0,0,0
1,0,34.5625,0,0,0
1,134,45.875,0,0,0
1,16,38.5,0,0,0
1,141,36.9375,0,0,0
1,0,33.5625,0,0,0
1,42,40.125,0,1,0
1,136,46,0,2,0
1,17,38.5625,0,1,0
1,0,33.25,0,1,0
1,40,40,0,1,0
1,0,29.5625,0,1,0
1,0,37.5,0,0,0
1,131,45.6875,0,2,0
1,87,40.5625,0,0,0
1,100,43.75,0,1,0
1,97,43.5625,0,0,0
1,117,34.6875,0,0,0
1,99,43.6875,3,0,0
1,32,39.5,1,1,0
1,100,43.75,0,0,0
1,85,42.8125,0,1,0
1,113,44.5625,0,1,0
1,63,41.1875,1,1,0
1,15,37.1875,0,0,0
1,103,43.9375,0,2,0
1,0,33.1875,0,0,0
1,57,41.0625,0,0,1
1,0,34.125,0,0,0
1,120,45,0,0,0
1,124,45.25,1,0,0
1,88,43,0,0,0
1,104,44,0,0,1
1,109,37.3125,0,0,0
1,176,48.5,0,1,0
1,200,49,0,0,0
1,86,42.875,0,0,0
1,34,36.875,0,0,0
1,81,42.5625,1,1,0
1,0,27.25,0,1,0
1,79,42.4375,0,1,0
1,21,38.8125,0,0,0
1,161,47.5625,0,1,0
1,144,46.5,0,0,0
1,76,42.25,0,1,1
1,100,43.75,2,0,0
1,166,45.4375,0,0,0
1,184,49,0,1,0
1,115,42.8125,1,0,0
1,66,40.6875,0,1,0
1,163,47.6875,0,1,0
1,27,37.9375,1,0,0
1,93,43.3125,0,0,0
1,0,35,0,1,0
1,185,44.125,0,0,0
1,80,42.5,0,1,0
1,123,45.1875,0,1,0
1,129,45.5625,0,0,0
1,187,49.1875,0,0,0
1,132,45.75,0,1,0
1,125,45.3125,0,2,0
1,149,44.6875,0,0,1
1,3,37.6875,0,0,0
1,78,42.375,0,0,0
1,63,41.4375,0,1,0
1,200,47.8125,0,0,0
1,33,39.5625,1,1,0
1,44,40.25,1,0,0
1,61,39.8125,0,0,0
1,105,44.0625,0,1,0
1,137,46.0625,0,1,0
1,122,45.125,0,2,0
1,112,44.5,0,0,0
1,129,45.5625,0,1,0
1,112,44.5,1,1,0
1,140,46.25,0,0,0
1,1,37.5625,0,0,0
1,164,47.75,1,0,0
1,107,41.3125,0,0,1
1,140,46,1,0,0
1,140,46.25,0,1,0
1,156,47.25,0,1,0
1,2,37.625,0,1,0
1,135,45.9375,0,0,0
1,100,43.75,0,1,0
1,106,44.125,0,0,0
1,196,49.75,0,0,0
1,86,42.875,0,1,0
1,64,41.5,0,1,0
1,13,38.3125,2,1,1
1,20,38.75,0,1,0
1,107,42,0,1,0
1,44,40.25,0,1,0
1,53,39.8125,0,0,1
1,124,43.3125,1,0,0
1,135,45.9375,1,1,0
1,93,43.3125,0,0,0
1,11,38.1875,0,1,0
1,26,39.125,1,1,0
1,119,44.9375,0,1,0
1,52,40.75,0,0,0
1,50,38.3125,0,1,0
1,94,43.125,0,0,0
1,105,44.0625,0,0,0
1,163,47.6875,0,1,0
1,111,37.6875,1,0,0
1,0,32.5,0,1,0
1,0,25.375,0,0,0
1,50,40.625,0,0,0
1,86,42.875,0,1,0
1,37,39.8125,0,1,0
1,184,49,0,0,0
1,127,43.5,0,1,0
1,0,34.0625,0,1,0
1,0,32.375,0,0,0
1,128,40.6875,0,2,0
1,144,46.5,0,1,0
1,84,42.75,0,0,0
1,30,39.375,1,0,0
1,120,45,0,0,0
1,72,41,0,0,0
1,35,39.6875,0,0,0
1,73,42.0625,0,2,0
1,6,37.875,0,1,0
1,135,45.9375,1,1,0
1,116,44.75,1,0,0
1,0,37.5,0,1,0
1,54,38.0625,0,1,0
1,72,42,0,0,0
1,101,43.8125,0,0,0
1,90,43.125,0,0,0
1,141,46.3125,0,0,0
1,74,42.125,1,2,0
1,154,47.125,2,1,0
1,121,45.0625,0,0,2
1,120,45,0,1,0
1,1,37.5625,0,0,0
1,112,44.5,0,0,1
1,49,40.5625,0,1,0
1,39,39.9375,1,1,0
1,128,45.5,0,1,0
1,149,46.8125,0,1,0
1,9,35.25,0,0,2
1,59,41.1875,0,1,1
1,43,36.3125,0,1,0
1,155,47.1875,1,1,0
1,130,43.4375,0,0,0
1,172,48.25,0,0,0
1,119,44.8125,1,1,0
1,56,41,0,0,0
1,167,47.9375,0,0,0
1,18,37.6875,0,1,0
1,0,32.625,0,0,0
1,160,47.5,0,0,1
1,0,31.5625,0,1,0
1,0,37.5,1,0,0
1,176,48.5,1,0,0
1,0,34.625,0,0,0
1,143,46.4375,0,0,0
1,154,47.125,0,0,0
1,37,39.8125,0,0,0
1,48,40.5,4,1,0
1,169,48.0625,0,1,0
1,89,43.0625,1,0,0
1,145,46.5625,1,0,1
1,60,41.25,0,0,1
1,184,49,0,0,0
1,144,46.5,0,1,0
1,48,40.5,1,0,0
1,35,37.875,1,0,0
1,88,39.125,0,0,0
1,1,37.5625,2,1,1
1,0,35.125,0,1,0
1,125,45.3125,0,1,0
1,93,43.3125,0,2,0
1,185,49.0625,0,0,0
1,0,36.5625,0,1,0
1,24,38,0,0,1
1,172,48.25,1,0,0
1,139,46.1875,0,1,0
1,200,50,0,2,0
1,147,46.6875,0,2,0
1,180,48.75,0,0,0
1,0,32.5625,0,1,0
1,0,34.625,0,0,0
1,177,48.5625,0,2,0
1,53,37.8125,0,0,0
1,17,37.5625,0,1,0
1,134,37.3125,0,1,0
1,167,47.9375,0,0,0
1,103,43.9375,0,0,0
1,47,40.4375,0,0,0
1,80,42.5,0,0,0
1,172,47.3125,1,0,1
1,101,43.3125,0,1,0
1,49,40.5625,0,1,0
1,174,48.375,0,1,0
1,7,37,0,0,1
1,77,41.3125,0,1,0
1,141,46.3125,0,0,1
1,62,41.375,0,2,0
1,109,44.3125,0,2,0
1,111,44.4375,0,1,0
1,117,44.8125,0,1,0
1,136,46,0,0,0
1,165,47.8125,1,0,1
1,35,38.75,0,0,0
1,122,45.125,0,1,0
1,75,42.1875,0,0,1
1,125,45.3125,2,0,0
1,142,46.375,0,0,0
1,80,40,0,0,0
1,127,45.4375,0,1,0
1,74,39.125,0,1,0
1,120,42.75,0,1,0
1,154,47.125,0,0,0
1,12,36.5,0,1,0
1,111,44.4375,0,0,0
1,31,39.4375,0,0,1
1,76,42.25,0,2,0
1,163,47.6875,2,2,0
1,66,41.625,0,1,0
1,34,37.25,0,1,0
1,161,47.5625,0,0,0
1,125,43.375,0,0,1
1,0,32.25,0,0,0
1,173,48.3125,1,1,0
1,151,46.9375,0,0,0
1,74,42.125,0,0,0
1,1,32.6875,0,1,0
1,40,35.0625,0,0,0
1,33,39.5625,0,2,0
1,41,37.875,0,0,0
1,148,46.75,0,0,0
1,32,36.1875,0,0,1
1,188,46.75,0,1,0
1,195,49.6875,1,1,0
1,118,44.875,0,0,0
1,64,41.5,0,0,0
1,161,44.625,0,1,1
1,116,43.3125,0,1,0
1,46,40.375,0,1,0
1,0,33.125,0,1,0
1,104,44,0,0,0
1,96,43.5,0,1,0
1,56,41,0,0,0
1,90,43.125,0,1,0
1,200,41.8125,0,1,0
1,64,41.5,1,1,0
1,184,49,0,0,0
1,0,28.875,0,0,0
1,174,48.375,0,2,0
1,90,43.125,1,0,0
1,0,31.125,0,0,0
1,12,36.3125,0,1,1
1,58,41.125,0,1,0
1,1,36.8125,1,0,0
1,141,46.3125,0,0,0
1,54,38.6875,3,0,0
1,133,45.8125,0,0,0
1,62,41.375,1,1,0
1,31,39.4375,0,0,0
1,122,45.125,0,1,0
1,184,49,0,0,0
1,93,43.3125,0,0,0
1,127,45.4375,1,0,1
1,88,43,0,1,0
1,15,38.4375,0,1,0
1,144,46.5,0,0,1
1,32,31.3125,0,1,0
1,50,39.625,0,1,0
1,4,37.75,0,0,0
1,85,41.8125,0,0,0
1,0,32.5625,0,1,0
1,23,38.9375,0,1,0
0,0,19.8125,0,0,0
1,19,38.6875,2,1,0
1,11,38.1875,0,0,0
1,39,39.9375,1,1,0
1,171,48.1875,0,0,0
1,105,43.0625,0,0,0
1,121,45.0625,0,1,0
1,4,37.75,0,0,0
1,0,28.5,0,1,0
1,114,44.625,0,0,0
1,0,34.1875,1,0,0
1,101,41.375,0,0,0
1,108,44.25,0,0,0
1,134,44.9375,0,1,1
1,160,47.5,0,1,0
1,66,39.3125,0,1,0
1,13,33.9375,0,1,0
1,192,49.5,0,0,0
1,117,44.8125,2,1,0
1,52,40.75,0,3,0
1,121,43.1875,1,1,0
1,69,41.8125,0,1,1
1,94,43.375,0,2,0
1,140,46.25,0,1,0
1,50,40.625,0,2,0
1,42,40.125,1,1,0
1,40,40,1,0,0
1,42,40.125,0,0,0
1,30,38.375,0,1,0
1,178,39.5,0,0,0
1,140,46.25,0,2,0
1,100,43.75,0,1,0
1,149,46.8125,1,1,0
1,164,47.75,0,0,0
1,147,46.6875,0,0,1
1,86,42.875,0,2,0
1,93,43.3125,0,0,0
1,174,48.375,2,0,0
1,191,49.4375,0,0,0
1,116,44.75,0,0,0
1,0,31.5625,0,0,0
1,52,40.75,0,0,0
1,103,43.9375,0,1,0
1,31,39.4375,1,1,0
1,184,45.5625,0,1,0
1,158,47.375,0,0,0
1,151,45.9375,0,1,0
1,84,42.5,2,0,0
1,164,47.75,1,0,0
1,190,49.375,0,1,0
1,90,43.125,0,1,1
1,189,49.3125,0,0,0
1,108,44.25,0,0,0
1,196,38.75,0,1,1
1,103,43.9375,0,0,0
1,80,42.5,0,0,0
1,4,36.8125,0,1,1
1,16,38.5,2,1,1
1,70,41.875,0,1,0
1,95,43.4375,0,2,0
1,48,38.25,0,0,0
1,180,48.75,0,1,0
1,182,48.875,0,2,1
1,37,38.8125,0,1,0
1,192,49.5,0,2,0
1,0,33.625,0,0,0
1,53,38.3125,0,0,0
1,126,45.375,0,1,0
1,0,31.6875,0,0,0
1,0,31.5,0,0,0
1,126,45.375,1,0,0
1,40,40,2,2,0
1,154,47.125,0,2,0
1,93,43.3125,0,1,2
1,84,42.0625,0,0,0
1,79,41,0,1,0
1,0,35.625,0,0,0
1,0,33.625,0,1,1
1,111,43.4375,0,2,0
1,38,39.875,0,0,1
1,176,48.5,0,0,0
1,102,43.875,2,1,0
1,93,43.3125,0,0,0
1,0,36.5,0,0,0
1,71,41.9375,0,2,0
1,0,31.625,0,0,0
1,69,41.8125,2,0,0
1,154,47.125,0,0,0
1,46,40.375,0,1,0
1,47,39.25,0,0,1
1,75,42.1875,0,1,0
1,99,43.6875,1,0,0
1,19,38.6875,0,1,0
1,124,45.25,0,0,0
1,10,36.875,0,0,0
1,134,45.875,1,0,0
1,37,39.8125,0,0,0
1,0,32.5625,0,0,0
1,47,40.4375,1,0,0
1,47,40.4375,0,0,0
1,0,33.3125,0,0,0
1,42,40.125,0,1,0
1,79,42.4375,0,0,0
1,3,37.6875,0,1,1
1,75,40.4375,1,0,0
1,15,38.4375,0,0,0
1,151,46.9375,1,0,0
1,134,45.875,0,0,0
1,40,38,0,0,1
1,31,39.4375,0,0,0
1,83,42.1875,0,0,0
1,106,44.125,1,1,0
1,85,42.8125,0,0,0
1,134,45.875,0,1,1
1,66,39.875,0,1,0
1,73,42.0625,0,0,0
1,44,40.25,0,2,0
1,147,46.6875,0,0,0
1,13,38.3125,0,0,0
1,28,39.25,1,0,0
1,120,45,0,0,0
1,180,48.75,0,1,1
1,53,40.8125,0,1,0
1,177,47.6875,1,0,0
1,112,44.5,3,0,1
1,47,40.4375,0,0,0
1,131,44.1875,0,0,0
1,133,45.8125,0,0,0
1,93,43.3125,0,0,0
1,89,43.0625,0,0,0
1,117,44.3125,1,1,0
1,77,42.3125,0,1,0
1,150,44.9375,0,3,0
1,132,45.75,1,3,1
1,110,44.375,1,1,0
1,105,41.625,0,0,0
1,174,48.375,0,1,0
1,49,40.5625,0,1,1
1,0,27.5625,0,0,0
1,56,41,1,1,0
1,2,37.625,0,0,0
1,117,44.8125,0,0,2
1,86,42.875,0,1,0
1,10,34.25,0,0,1
1,153,46.125,0,0,0
1,53,40.8125,0,0,1
1,47,40.4375,1,0,0
1,0,30.625,0,0,0
1,127,45.4375,0,0,0
1,138,46.125,0,0,1
1,0,31.1875,0,0,0
1,100,43.75,0,0,0
1,70,41.875,0,1,0
1,0,31.875,0,0,0
1,0,32.1875,0,1,0
1,0,34.6875,0,1,0
1,134,45.875,2,0,0
1,14,37.4375,0,1,0
1,193,49.5625,0,0,0
1,138,46.125,0,0,0
1,64,41.5,0,0,0
1,146,46.625,0,0,0
1,200,49.0625,0,0,0
1,0,33.125,0,2,0
1,133,45.8125,1,0,0
1,40,40,0,0,0
1,167,46.4375,0,1,0
1,156,47.25,0,0,0
1,41,39.5625,0,0,0
1,91,41.75,0,2,0
1,92,43.25,0,0,1
1,67,38.8125,0,1,1
1,121,44.5625,0,1,0
1,83,42.6875,0,0,0
1,104,44,0,1,1
1,0,30.0625,0,1,0
1,60,41.25,2,1,0
1,70,41.875,0,0,0
1,99,43.6875,1,0,0
1,23,38.9375,1,1,0
1,77,42.3125,0,0,0
1,53,40.8125,0,0,0
1,50,40.625,0,1,0
1,62,38.1875,0,1,0
1,61,35.625,0,0,1
1,125,45.3125,0,2,0
1,37,39.8125,1,1,0
1,147,46.6875,0,0,0
1,88,43,0,0,0
1,70,41.875,0,1,1
1,62,37.25,0,0,0
1,78,40.9375,0,1,0
1,90,43.125,1,0,0
1,68,39.8125,0,0,0
1,102,43.875,1,1,0
1,77,42.3125,0,1,0
1,86,42.875,0,0,0
1,91,43.1875,0,0,0
1,142,46.375,0,0,0
1,13,38.3125,0,2,0
1,28,39.25,0,0,1
1,0,34.5625,0,0,0
1,6,37.875,0,1,0
1,114,44.625,0,2,0
1,100,43.75,1,0,0
1,200,50,0,0,0
1,85,42.8125,0,1,0
1,63,41.4375,4,0,0
1,155,47.1875,0,1,0
1,76,42.25,0,0,0
1,0,36.5625,0,0,0
1,118,44.875,0,1,0
1,86,40,0,0,0
1,63,41.4375,0,0,0
1,57,41.0625,1,0,0
1,75,42.1875,0,0,0
1,0,32.0625,0,0,0
1,0,31.625,0,1,0
1,105,39.75,0,1,0
1,46,38.4375,2,0,0
1,118,44.875,0,1,0
1,200,46.75,1,0,1
1,84,42.75,0,1,0
1,14,38.375,0,0,0
1,55,40.9375,0,0,0
1,164,47.75,0,1,0
1,69,41.8125,1,0,0
1,0,32,0,0,0
1,40,40,1,0,0
1,21,37.4375,1,1,0
1,98,43.625,0,0,0
1,192,49.5,0,1,0
1,0,34.125,0,0,0
1,39,35.6875,0,0,0
1,103,42.9375,1,0,0
1,0,33.25,0,0,1
1,54,39.1875,0,3,0
1,170,48.125,0,1,0
1,0,32.5625,1,0,0
1,117,44.0625,0,1,0
1,113,44.5625,0,0,0
1,118,44.875,0,1,1
1,175,48.4375,0,1,0
1,183,48.9375,0,1,0
1,54,40.875,0,1,0
1,127,45.4375,0,0,0
1,112,44.5,1,1,0
1,0,37.5,2,0,0
1,157,43.5,0,1,0
1,101,43.8125,0,0,0
1,117,44.8125,1,0,0
1,164,47.75,0,0,0
1,169,48.0625,0,0,0
1,116,44.75,0,0,0
1,101,43.8125,0,0,0
1,59,41.1875,0,0,0
1,0,31.1875,0,0,0
1,84,42.75,0,0,1
1,135,45.9375,1,1,0
1,116,44.75,0,1,0
1,0,32.6875,0,1,0
1,83,42.6875,0,0,0
1,164,47.75,0,1,0
1,46,40.375,0,1,0
1,95,43.4375,0,1,1
1,0,31.9375,0,0,0
1,0,28.9375,0,0,0
1,83,42.6875,0,0,1
1,139,46.1875,1,0,0
1,26,39.125,0,0,0
1,63,41.4375,0,1,0
1,84,42.75,0,0,0
1,104,44,1,2,0
1,99,41.5625,2,2,1
1,60,41.25,1,1,0
1,144,46.5,0,1,0
1,0,29.625,0,2,0
1,7,37.9375,0,2,0
1,126,45.375,0,1,0
1,141,46.3125,1,1,0
1,120,45,0,0,0
1,142,46.375,1,1,0
1,107,44.1875,0,0,1
1,158,47.375,0,2,0
1,87,42.9375,0,0,0
1,85,42.8125,0,0,0
1,120,45,0,0,0
1,40,39,0,0,0
1,0,33.25,0,0,0
1,59,41.1875,1,1,0
1,64,41.5,0,1,1
1,0,28.4375,0,0,0
1,135,45.9375,0,0,0
1,90,43.125,0,2,0
1,66,41.625,0,0,0
1,92,43.25,0,0,0
1,28,39.25,0,1,0
1,133,41.375,0,0,0
1,23,38.9375,1,0,0
1,21,38.8125,1,0,0
1,165,47.8125,0,0,0
1,80,42.5,1,0,0
1,83,42.6875,2,0,0
1,140,46.25,0,1,0
1,30,39.375,0,1,0
1,97,43.5625,0,0,0
1,73,42.0625,1,0,0
1,133,45.8125,0,1,0
1,99,43.6875,1,0,0
1,25,38.0625,0,0,1
1,33,39.5625,0,3,0
1,99,43.4375,0,1,0
1,71,41.9375,1,1,1
1,147,46.6875,0,0,0
1,0,32.25,0,0,0
1,8,38,0,0,0
1,47,40.4375,0,0,0
1,126,45.375,1,0,0
1,122,45.125,3,2,0
1,91,43.1875,2,0,0
1,184,49,0,2,1
1,0,31.8125,1,0,0
1,53,40.8125,0,1,0
1,62,41.375,0,0,0
1,0,31.25,0,0,0
1,100,43.75,0,1,0
1,0,31.8125,0,0,0
1,185,49.0625,0,0,0
1,101,43.8125,0,0,0
1,187,49.1875,1,1,0
1,61,41.3125,1,1,0
1,92,43.25,0,0,0
1,77,42.3125,1,0,0
1,0,31.625,0,0,0
1,97,43.5625,0,1,1
1,94,39,0,0,0
1,0,37.5,2,1,0
1,127,45.4375,0,1,0
1,68,41.75,0,1,1
1,0,32.6875,0,0,0
1,176,48.5,0,0,0
1,120,45,1,2,0
1,0,32.0625,0,0,0
1,130,45.625,0,0,0
1,70,41.875,0,1,0
1,16,37,0,1,0
1,67,41.6875,0,2,0
1,112,44.5,0,1,0
1,119,44.9375,0,0,0
1,28,39.25,1,0,0
1,200,50,0,2,0
1,47,40.4375,0,0,0
1,103,43.9375,0,0,0
1,132,44.5625,0,1,0
1,100,43.75,2,0,1
1,145,46.5625,0,0,0
1,139,46.1875,0,0,0
1,62,41.375,0,1,0
1,66,41.625,0,0,0
1,133,45.8125,0,1,0
1,57,40.3125,2,1,1
1,64,41.5,0,1,0
1,14,38.375,0,1,0
1,43,40.1875,0,1,0
1,100,43.75,0,1,0
1,135,45.9375,0,1,0
1,59,41.1875,0,0,0
1,200,50,0,0,0
1,44,40.25,0,1,0
1,141,45.3125,1,0,0
1,72,42,0,0,0
1,35,37.8125,0,0,0
1,149,42.6875,0,0,0
1,52,38.75,0,0,0
1,90,41.5,2,2,0
1,79,42.4375,2,0,0
1,8,38,0,0,0
1,89,43.0625,0,1,0
1,127,45.4375,0,0,0
1,151,46.9375,1,0,0
1,22,38.875,0,0,0
1,142,45.875,1,1,0
1,100,42.8125,0,0,0
1,41,40.0625,2,1,0
1,0,36.75,0,0,1
1,195,49.6875,0,1,1
1,57,41.0625,0,0,0
1,95,43.4375,0,0,1
1,200,50,0,2,0
1,0,34.5625,0,0,0
1,127,45.4375,0,1,0
1,188,45.8125,0,0,0
1,14,38.375,2,0,0
1,57,39.5625,0,0,1
1,114,44.625,0,1,0
1,50,40.625,2,1,0
1,200,46.5625,0,1,0
1,165,47.8125,0,1,0
1,99,43.6875,0,0,0
1,30,39.375,0,1,0
1,77,42.3125,2,3,1
1,0,32.6875,0,0,0
1,102,43.875,0,1,0
1,131,45.6875,0,0,0
1,47,39.4375,0,0,0
1,0,33.3125,0,1,0
1,24,38.75,0,0,1
1,0,36,0,0,0
1,68,39.25,0,0,0
1,129,45.5625,0,0,0
1,75,42.1875,0,1,0
1,100,43.75,0,0,0
1,84,42.75,0,0,0
1,10,38.125,0,1,0
1,107,44.1875,1,1,1
1,131,45.6875,0,0,0
1,74,42.125,0,2,0
1,167,47.9375,0,1,0
1,69,41.3125,0,0,0
1,0,32.625,0,0,0
1,121,45.0625,0,1,0
1,30,39.375,0,0,0
1,124,42.875,0,1,1
1,155,45,0,0,0
1,164,47.75,0,0,0
1,31,39.4375,0,0,0
1,0,29.1875,0,0,0
1,150,46.875,0,0,1
1,123,45.1875,0,0,0
1,116,38,0,0,0
1,156,37.9375,0,2,0
1,1,32.25,0,1,0
1,150,46.875,0,1,1
1,179,48.6875,0,0,0
1,14,38.375,1,0,0
1,101,43.8125,0,1,0
1,42,40.125,0,1,0
1,147,46.6875,0,0,0
1,45,38.8125,0,2,1
1,90,43.125,1,1,0
1,93,43.3125,2,2,0
1,39,39.9375,0,2,0
1,112,44.5,2,1,0
1,164,47.75,0,2,0
1,97,43.5625,2,0,0
1,40,40,0,2,0
1,106,40.25,0,0,0
1,141,43.875,1,1,0
1,77,42.3125,0,0,0
1,102,43.875,1,0,1
1,0,31.5625,0,0,0
1,42,40.125,0,1,0
1,0,26.0625,0,1,0
1,68,38.9375,0,0,0
1,171,47.25,0,1,0
1,137,46.0625,0,0,0
1,0,32.3125,0,1,0
1,71,41.9375,0,0,0
1,142,46.375,0,0,0
1,129,45.5625,0,1,0
1,130,45.625,0,1,0
1,0,35,2,0,0
1,118,44.875,0,1,0
1,58,41.125,0,2,0
1,144,46.25,2,0,0
1,115,44.6875,0,0,0
1,79,42.4375,0,0,1
1,158,47.375,0,0,0
1,0,33.0625,0,0,0
1,0,34.625,0,0,1
1,0,34.6875,0,1,0
1,165,47.8125,1,1,0
1,70,41.875,0,1,1
1,170,46.4375,1,0,0
1,146,46.625,0,1,0
1,81,39.4375,0,0,0
1,185,49.0625,0,0,1
1,69,35.8125,0,0,1
1,59,41.1875,0,1,0
1,17,38.5625,0,1,0
1,27,39.1875,0,1,0
1,68,41.75,0,0,0
1,0,33.375,0,0,0
1,71,34.75,0,0,0
1,142,46.125,0,1,0
1,33,38.5625,1,1,0
1,94,43.375,0,0,0
1,157,38.125,0,1,1
1,52,40.75,0,0,0
1,62,41.375,0,1,0
1,140,45.3125,0,0,1
1,157,47.3125,1,2,0
1,144,46.5,0,0,0
1,140,46.25,0,0,0
1,199,49.9375,0,1,0
1,0,34.0625,0,1,0
1,112,41.5,0,0,0
1,200,50,0,1,0
1,26,39.125,0,0,0
1,57,41.0625,0,1,0
1,83,42.6875,1,0,0
1,103,43.9375,0,1,0
1,73,39.1875,0,1,0
1,145,46.5625,0,1,0
1,0,27.875,0,0,0
1,28,39.25,1,0,0
1,111,41.125,0,0,0
1,78,42.375,2,0,0
1,185,49.0625,0,0,0
1,165,47.8125,0,1,0
1,43,36.25,0,0,0
1,0,35,1,1,0
1,200,50,0,0,0
1,43,40.1875,2,2,0
1,0,34.0625,0,0,0
1,106,44.125,0,0,0
1,200,50,1,1,1
1,87,42.9375,0,0,0
1,200,50,0,1,0
1,54,40.875,0,1,0
1,44,40.25,0,1,0
1,187,49.1875,0,0,0
1,45,40.3125,1,1,1
1,200,40.0625,1,0,0
1,98,31.125,0,0,0
1,0,36.5,0,0,0
1,150,46.875,0,1,0
1,3,37.6875,0,1,0
1,44,40.25,0,0,0
1,45,39.3125,0,2,0
1,15,38.4375,0,0,0
1,12,37.25,0,1,0
1,33,39.5625,0,0,0
1,42,40.125,2,1,1
1,57,41.0625,1,1,0
1,93,43.3125,0,1,0
1,34,39.625,1,0,0
1,140,46.25,0,1,0
1,149,45.8125,0,0,0
1,103,43.9375,0,1,0
1,94,43.375,0,1,0
1,95,43.4375,0,0,0
1,125,45.3125,0,1,0
1,141,46.3125,1,1,0
1,28,39.25,0,0,0
1,69,36.375,0,0,0
1,12,38.25,1,2,0
1,68,41.75,1,0,0
1,0,34.875,0,1,0
1,145,46.5625,0,0,0
1,112,44.5,1,1,0
1,31,38.5,0,1,0
1,129,45.5625,0,1,0
1,138,46.125,0,0,0
1,173,48.3125,0,1,0
1,45,40.3125,0,1,0
1,18,38.625,0,1,0
1,111,44.4375,0,2,0
1,31,38.4375,0,0,0
1,69,41.8125,0,1,0
1,41,40.0625,0,0,0
1,155,47.1875,0,0,0
1,52,40.75,0,0,0
1,89,43.0625,0,0,0
1,55,39.9375,0,0,0
1,72,41,1,1,0
1,200,50,0,1,0
1,160,47.5,0,1,0
1,86,42.875,1,0,0
1,140,46.25,0,1,0
1,188,49.25,2,1,0
1,111,44.4375,0,1,1
1,200,50,0,1,0
1,200,50,0,1,0
1,38,38.875,2,0,0
1,156,47.25,1,0,0
1,16,34.625,0,1,0
1,101,40.6875,0,0,0
1,87,42.9375,0,0,1
1,180,48.75,2,0,0
1,118,44.875,0,0,0
1,130,45.625,2,0,0
1,156,47.25,0,1,0
1,54,40.875,0,0,1
1,92,43.25,0,0,1
1,0,34.75,0,1,0
1,133,45.8125,0,1,0
1,53,36.0625,0,0,0
1,27,37.9375,0,0,0
1,46,40.375,1,0,1
1,7,36.4375,0,1,0
1,34,39.625,0,1,0
1,67,38.75,0,0,0
1,0,35.5,0,0,0
1,0,34.0625,0,0,0
1,99,43.6875,2,0,0
1,37,39.8125,0,1,0
1,49,40.5625,0,1,0
1,29,36.875,0,0,0
1,101,42.375,0,0,0
1,75,42.1875,0,0,0
1,139,46.1875,0,0,0
1,0,34.6875,0,0,0
1,140,46.25,0,2,0
1,93,43.3125,0,0,0
1,85,42.8125,0,0,0
1,141,46.3125,0,1,0
1,0,32.625,0,1,0
1,200,50,0,1,0
1,67,40.75,0,0,0
1,0,33.125,0,0,0
1,169,48.0625,0,1,0
1,44,40.25,0,1,0
1,26,36.625,0,2,0
1,0,35.25,0,0,0
1,66,41.625,0,1,0
1,152,47,0,0,0
1,0,31.6875,0,0,0
1,32,37.5625,0,0,0
1,55,40.9375,0,0,0
1,114,44.625,0,0,0
1,66,41.625,0,1,0
1,105,44.0625,0,0,0
1,126,45.375,0,1,0
1,62,40.375,2,0,0
1,107,44.1875,0,0,0
1,117,44.8125,0,1,0
1,90,43.125,0,2,0
1,70,37.125,0,2,1
1,141,46.3125,0,0,0
1,104,44,1,0,1
1,21,38.8125,2,0,0
1,141,46.3125,0,1,0
1,134,44.875,0,1,0
1,54,40.875,0,1,0
1,164,47.75,0,2,0
1,111,44.4375,0,0,0
1,137,46.0625,0,0,0
1,77,42.3125,1,1,0
1,145,46.5625,2,1,0
1,59,41.1875,0,0,0
1,95,43.4375,0,1,0
1,54,40.875,0,0,0
1,200,50,0,1,0
1,139,46.1875,0,0,0
1,100,43.75,0,0,0
1,83,42.6875,0,1,0
1,148,46.75,2,1,1
1,152,47,2,1,0
1,7,37.9375,0,0,0
1,0,36.125,0,0,0
1,72,42,0,0,1
1,52,39.8125,0,1,0
1,120,35.6875,0,0,0
1,54,40.875,1,1,0
1,27,39.1875,2,0,0
1,57,41.0625,0,2,1
1,124,45.25,0,0,0
1,140,46.25,0,0,0
1,64,36.375,0,1,0
1,17,37.5625,1,2,2
1,0,35.5625,0,0,0
1,125,45.3125,1,1,0
1,0,36.5625,0,0,0
1,115,43.4375,0,1,0
1,62,41.375,0,0,0
1,91,40.3125,0,0,0
1,50,40.625,1,0,0
1,42,40.125,0,0,0
1,0,34.375,0,1,0
1,124,45.25,0,1,0
1,67,41.6875,0,0,0
1,117,44.8125,0,2,0
1,106,43.1875,0,1,0
1,0,31.3125,0,0,0
1,172,48.25,1,0,0
1,108,44.25,0,0,0
1,181,48.8125,0,1,0
1,17,38.5625,0,1,0
1,0,37.5,0,1,0
1,1,34.6875,0,0,1
1,114,44.625,0,2,1
1,116,37,0,1,0
1,0,32.25,0,0,0
1,109,44.3125,0,2,0
1,161,47.5625,0,2,0
1,139,46.1875,0,1,0
1,54,40.875,1,0,0
1,44,40.25,0,1,0
1,104,44,1,0,0
1,147,34.1875,0,0,0
1,0,28.5625,0,0,0
1,56,40,0,1,0
1,96,43.5,0,0,0
1,150,46.875,0,1,1
1,0,28.75,0,0,0
1,85,42.8125,1,0,0
1,171,37.9375,0,1,0
0,0,23.3125,0,0,0
1,87,42.9375,0,1,0
1,68,41.75,0,1,0
1,0,29.625,0,0,0
1,73,42.0625,0,0,0
1,96,34.8125,0,0,0
1,46,40.375,0,0,0
1,141,46.3125,0,1,0
1,159,47.4375,0,1,1
1,85,42.8125,0,1,0
1,169,48.0625,0,2,1
1,0,31.1875,0,0,0
1,33,39.5625,0,0,0
1,93,43.3125,0,1,0
1,184,49,1,0,0
1,61,41.3125,1,1,0
1,113,44.5625,0,1,0
1,92,43.25,0,0,0
1,0,31.875,0,0,0
1,9,36.5625,0,3,0
1,30,39.125,0,0,0
1,192,49.5,0,0,0
1,190,49.375,1,0,0
1,116,44.75,0,1,0
1,0,33.125,0,0,0
1,0,36.5,0,0,0
1,140,46.25,0,1,0
1,48,40.5,0,0,0
1,121,35.375,0,1,0
1,126,45.375,0,0,0
1,61,41.3125,0,1,0
1,0,37.5,0,0,0
1,33,39.5625,0,1,1
1,116,44.75,0,1,0
1,101,33.5,0,0,0
1,109,44.3125,0,1,0
1,0,37.5,2,1,0
1,52,37.4375,1,0,0
1,129,45.5625,2,0,0
1,0,34.5,0,0,0
1,85,42.8125,0,0,0
1,14,38.375,0,0,0
1,0,34.5,0,0,0
1,159,46.6875,2,0,0
1,87,42.9375,0,1,0
1,101,43.8125,0,1,0
1,22,37.375,0,1,0
1,118,44.875,2,2,0
1,125,45.3125,0,1,0
1,107,44.1875,0,0,0
1,66,41.625,0,1,0
1,114,44.625,4,0,0
1,95,43.4375,0,0,0
1,88,43,0,1,0
1,116,44.75,0,1,0
1,200,50,0,0,0
1,90,43.125,0,0,0
1,0,35.5625,0,0,0
1,94,43.375,0,2,1
1,17,37.6875,1,1,0
1,0,31.25,0,1,0
1,115,42.8125,0,0,0
1,25,38.3125,0,0,0
1,88,43,0,1,1
1,0,28.1875,0,0,0
1,26,38.375,1,1,0
1,151,46.9375,0,1,1
1,89,43.0625,0,1,0
1,93,42.375,0,0,1
1,66,41.625,0,0,0
1,99,43.4375,0,1,0
1,90,40.75,0,0,1
1,123,45.1875,1,0,0
1,25,39.0625,0,0,0
1,102,43.875,0,2,0
1,51,40.6875,1,0,0
1,38,39.875,1,0,0
1,142,45.375,0,0,0
1,72,42,0,0,0
1,87,39.5,0,0,0
1,53,40.8125,0,0,0
1,0,34.0625,0,0,0
1,157,45.3125,0,1,0
1,53,37.4375,0,0,0
1,196,49.75,2,1,0
1,75,42.1875,1,0,0
1,97,43.5625,0,0,0
1,165,47.8125,0,0,0
1,0,37,0,0,0
1,200,47.5,0,0,0
1,99,42.9375,0,1,0
1,64,37.25,0,0,0
1,142,44.4375,0,0,0
1,0,32.4375,0,0,0
1,74,42.125,0,1,0
1,17,38.5625,1,0,0
1,12,30.0625,0,0,0
1,129,45.5625,2,0,1
1,57,41.0625,0,0,0
1,122,45.125,0,0,0
1,164,47.75,0,1,0
1,77,42.3125,0,0,0
1,116,42.875,0,0,0
1,120,45,1,1,0
1,50,40.625,0,0,0
1,0,32.75,0,0,0
1,100,43.75,0,2,1
1,156,47.25,0,1,0
1,200,50,0,0,0
1,102,43.875,1,0,0
1,117,44.8125,0,0,0
1,133,45.8125,0,0,0
1,200,50,0,1,0
1,19,38.6875,0,0,0
1,88,41.0625,0,2,0
1,19,38.6875,2,1,0
1,116,44.75,0,1,0
1,30,39.375,0,0,0
1,135,45.9375,2,0,0
1,0,29.75,0,0,0
1,84,42.75,0,1,0
1,111,44.4375,0,0,0
1,123,45.1875,1,1,0
1,200,50,1,0,0
1,7,37,0,2,0
1,200,50,1,0,0
1,15,34.5625,0,1,0
1,0,34.125,0,0,0
1,32,39.5,1,0,0
1,107,44.1875,0,0,0
1,55,40,1,1,0
1,113,44.5625,0,1,0
1,146,46.625,1,0,1
1,92,43.25,0,0,0
1,73,42.0625,0,0,0
1,93,41.9375,0,0,0
1,94,43.375,0,2,0
1,77,42.3125,0,0,0
1,49,40.5625,0,0,0
1,163,47.6875,0,0,0
1,97,43.5625,0,0,0
1,86,41.375,2,1,0
1,0,32.125,0,0,0
1,55,40.9375,1,1,0
1,132,45.75,2,0,0
1,86,39.875,0,0,0
1,94,41.4375,0,0,0
1,97,43.5625,0,0,0
1,172,46.3125,0,1,0
1,153,47.0625,2,1,0
1,15,38.4375,0,1,0
1,0,29.375,0,0,0
1,0,32.1875,0,0,0
1,131,45.6875,0,1,0
1,122,45.125,0,0,0
1,75,40.9375,0,2,0
1,142,46.375,2,1,0
1,119,44.9375,0,2,0
1,117,42.375,0,1,0
1,165,47.8125,0,1,0
1,77,42.3125,0,0,0
1,142,46.375,0,0,1
1,38,39.875,0,0,0
1,38,39.875,0,2,0
1,131,43.25,0,0,0
1,0,30.625,0,0,0
1,124,45.25,0,2,1
1,200,50,2,0,0
1,130,45.625,0,1,0
1,69,40.875,0,0,0
1,129,45.5625,0,0,0
1,43,40.1875,0,1,0
1,55,40.9375,0,0,0
1,138,46.125,0,0,0
1,148,46.75,0,0,1
1,124,45.25,1,0,0
1,68,41.5,2,1,0
1,21,34.875,0,1,0
1,115,44.6875,0,0,0
1,170,45.4375,0,1,0
1,103,43.9375,0,0,0
1,135,45.9375,0,0,0
1,141,46.3125,0,0,1
1,22,36.4375,0,0,0
1,118,44.875,0,1,1
1,85,42.8125,0,0,0
1,63,41.4375,0,2,0
1,140,46.25,0,0,0
1,0,37.5,1,1,0
1,139,46.1875,0,0,0
1,10,34.1875,0,1,1
1,117,44.8125,0,0,0
1,86,40.9375,0,0,0
1,66,41.625,0,0,0
1,123,44.4375,0,1,1
1,20,38.75,0,0,0
1,42,40.125,0,0,0
1,0,37.5,0,1,0
1,31,37,0,0,0
1,0,32.625,0,0,0
1,102,43.875,0,0,0
1,157,44.875,0,1,0
1,138,46.125,0,1,1
1,0,35.0625,0,0,0
1,81,42.5625,1,1,0
1,163,47.6875,0,0,0
1,114,44.625,0,1,0
1,51,40.6875,0,0,0
1,88,43,0,0,0
1,148,46.75,2,0,0
1,107,44.1875,0,0,0
1,64,41.5,0,0,1
1,45,40.3125,0,0,0
1,102,43.875,0,0,0
1,0,31.25,0,0,0
1,172,48.25,0,0,0
1,130,45.625,0,0,0
1,59,41.1875,1,0,0
1,12,38.25,0,0,0
1,125,45.3125,2,1,0
1,103,42.4375,0,2,0
1,154,47.125,0,2,0
1,138,46.125,1,1,0
1,93,43.3125,0,1,1
1,78,42.375,0,1,0
1,172,47.0625,1,1,0
1,189,49.3125,0,0,0
1,140,40.9375,0,0,0
1,60,41.25,2,1,1
1,132,45.75,0,1,0
1,77,42.3125,0,1,0
1,69,41.8125,0,0,0
1,59,41.1875,0,0,0
1,112,42.5,0,1,0
1,62,41.375,0,1,0
1,92,43.25,0,0,0
1,36,39.75,0,1,0
1,18,38.625,2,1,0
1,0,36.5,0,0,0
1,16,38.5,1,0,1
1,134,45.875,1,0,0
1,99,43.6875,0,1,0
1,0,32.625,0,0,0
1,157,38.875,0,1,0
1,158,46.3125,1,2,0
1,118,44.875,0,0,1
1,200,46,1,1,0
1,94,43.375,1,0,0
1,0,34.0625,0,0,0
1,121,45.0625,0,0,0
1,48,40.5,0,1,0
1,0,37.25,0,0,0
1,0,37,0,0,0
1,75,42.1875,1,2,0
1,64,41.5,0,0,0
1,90,43.125,0,1,0
1,49,40.5625,0,0,0
1,157,47.3125,1,1,0
1,42,40.125,0,1,0
1,56,41,0,0,0
1,79,42.4375,0,0,0
1,146,46.625,0,0,0
1,69,39.375,0,1,0
1,119,44,0,2,0
1,109,42.3125,0,0,1
1,0,37.5,0,0,0
1,43,40.1875,0,0,0
1,153,47.0625,0,0,0
1,140,46.25,0,0,0
1,147,46.6875,0,0,0
1,155,47.1875,1,1,0
1,0,28.875,0,0,0
1,125,41.9375,0,1,0
1,130,45.0625,1,1,0
1,46,40.375,0,1,0
1,91,42.1875,0,1,0
1,90,43.125,0,1,0
1,183,47.4375,0,0,0
1,38,39.875,0,1,1
1,50,40.625,0,1,0
1,140,46.25,0,0,1
1,68,41.75,0,2,0
1,56,40.5,0,1,1
1,55,40.9375,0,0,0
1,93,43.3125,0,1,0
1,0,35.5625,0,0,0
1,133,45.8125,0,2,0
1,118,44.875,0,0,0
1,111,41.25,0,1,0
1,0,27.875,0,0,0
1,153,47.0625,1,0,0
1,66,41.625,0,0,0
1,0,31.375,0,0,0
1,160,47.5,0,1,0
1,62,38.5,0,1,0
1,94,43.375,0,1,0
1,18,38.625,0,0,0
1,0,36.5,0,1,0
1,98,42.625,0,1,0
1,79,42.4375,2,0,0
1,87,42.9375,0,0,0
1,84,42.75,0,1,0
1,46,40.375,1,1,0
1,134,45.875,0,2,0
1,86,42.875,0,0,0
1,83,42.6875,0,0,0
1,111,43.4375,0,0,0
1,0,37.5,0,0,0
1,0,37.5,1,0,0
1,128,45.5,0,2,0
1,138,46.125,0,2,1
1,119,44.9375,0,1,0
1,142,45.375,0,1,0
1,118,44.875,0,0,1
1,55,37,0,0,0
1,79,42.4375,1,1,0
1,196,39.0625,1,1,0
1,186,49.125,0,0,1
1,116,44.75,0,0,0
1,110,44.375,0,3,0
1,181,48.8125,0,0,0
1,35,39.6875,1,1,0
1,72,42,0,1,1
1,145,43.0625,0,0,0
1,120,45,1,2,0
1,119,44.9375,1,0,0
1,94,43.375,0,0,0
1,106,44.125,0,0,0
1,51,40.6875,0,0,0
1,13,38.3125,1,0,0
1,155,47.1875,1,0,0
1,0,33.375,0,0,0
1,200,48.125,1,0,0
1,36,39.75,0,0,0
1,118,44.875,0,1,0
1,0,35.5625,0,0,1
1,61,41.3125,0,0,0
1,155,47.1875,0,1,0
1,109,44.3125,0,0,0
1,0,34.625,0,1,0
1,75,42.1875,2,1,0
1,0,35.5625,0,0,0
1,85,42.8125,0,1,0
1,91,43.1875,1,0,0
1,73,42.0625,0,2,0
1,48,40.5,0,0,1
1,147,46.1875,0,0,1
1,50,40.625,0,0,0
1,0,30.5625,0,0,0
1,0,34.125,2,1,0
1,117,42.9375,0,1,0
1,55,36,0,0,0
1,47,40.4375,2,1,0
1,79,42.4375,1,1,0
1,74,42.125,0,0,0
1,153,44.625,0,3,0
1,41,40.0625,0,1,0
